first_name,last_name,address,city,state,zip
Steven,Miller,7 Truax Alley,OK,Oklahoma,50954
Ralph,Anderson,71 Tennessee Lane,NC,North Carolina,35805
Margaret,Morris,5850 Anderson Pass,UT,Utah,35761
Ernest,Ross,1 Myrtle Way,TX,Texas,23834
Brandon,Dean,55 Carioca Way,AZ,Arizona,36448
Patrick,Andrews,8 Butternut Junction,VA,Virginia,88255
Earl,Reed,749 Chinook Place,CA,California,11471
Julia,Lopez,344 Homewood Court,FL,Florida,70516
Bonnie,Morgan,0693 Hooker Junction,WA,Washington,86944
Paula,Butler,019 3rd Place,DC,District of Columbia,89830
Andrew,Davis,39550 Londonderry Junction,LA,Louisiana,50614
Irene,Johnston,6 Dakota Terrace,VA,Virginia,50886
Joan,Perkins,88 Debs Pass,MN,Minnesota,57445
Phillip,Perez,347 Delladonna Place,CT,Connecticut,83111
Beverly,Hunter,1904 Farragut Way,DC,District of Columbia,87238
Doris,Hernandez,37703 Myrtle Point,MA,Massachusetts,21551
Betty,Garza,55 Anthes Center,IL,Illinois,62014
Richard,Willis,3076 Calypso Drive,MN,Minnesota,97044
Kevin,Graham,67113 Ludington Street,NY,New York,86232
Sarah,Alvarez,68594 Bay Street,ID,Idaho,99889
Debra,Washington,63265 Delladonna Way,DE,Delaware,96244
Sean,Collins,22406 Service Drive,IL,Illinois,33599
Annie,Ruiz,8 Bowman Road,LA,Louisiana,61897
Joseph,Patterson,085 Anhalt Trail,NC,North Carolina,95102
Jennifer,Anderson,2512 Dottie Way,MO,Missouri,94609
Elizabeth,Hansen,93 Moland Road,TX,Texas,88655
Richard,Alexander,48 Kinsman Court,OK,Oklahoma,16387
Dennis,Owens,36007 Spohn Trail,CA,California,48016
Anne,Ross,91526 Hudson Alley,GA,Georgia,49774
Keith,Banks,838 Schmedeman Avenue,OH,Ohio,32262
Ernest,Johnson,4290 Spenser Point,DC,District of Columbia,62902
Annie,Hughes,77481 Steensland Hill,OH,Ohio,36292
Roger,Howell,84568 Nelson Point,NM,New Mexico,18616
Gregory,Willis,335 Di Loreto Terrace,AL,Alabama,28748
Diana,Fisher,7 Weeping Birch Junction,WA,Washington,77250
Emily,Brooks,84651 Nancy Crossing,MN,Minnesota,64702
Jimmy,Stewart,6 Upham Park,CO,Colorado,60132
Tina,Morgan,3 Basil Center,CA,California,31698
Louise,Ramirez,52 Mcguire Point,IL,Illinois,33318
Jessica,Patterson,040 Blaine Junction,NC,North Carolina,42642
Larry,Simpson,023 Scoville Junction,CO,Colorado,86179
Robin,Burton,10503 Bellgrove Junction,IL,Illinois,56002
Anna,Boyd,9 American Ash Court,UT,Utah,22422
Craig,Day,2528 Straubel Place,SD,South Dakota,40686
Diane,Carr,0 Sutherland Terrace,MO,Missouri,97865
Gregory,Armstrong,6300 Dapin Place,KS,Kansas,37300
Theresa,Wells,21657 Dovetail Circle,DC,District of Columbia,76593
John,Harper,9 Eastwood Circle,TX,Texas,74803
Sara,Gilbert,9 Lake View Place,KS,Kansas,79106
Brenda,Murray,9 Schiller Junction,KY,Kentucky,90600
Elizabeth,Campbell,4956 Bunker Hill Crossing,NY,New York,66907
Heather,Oliver,18618 Knutson Center,DC,District of Columbia,65340
William,Berry,3528 Dahle Plaza,NV,Nevada,36357
Peter,Castillo,754 Bayside Point,NC,North Carolina,31220
Marilyn,Rice,8 Bowman Place,FL,Florida,14293
Norma,Torres,75 Pine View Place,VA,Virginia,80479
Carl,Baker,64 Lindbergh Point,TN,Tennessee,70123
George,Howell,1 Di Loreto Street,CA,California,35359
Jonathan,Thompson,97 5th Avenue,OH,Ohio,44955
Benjamin,Cruz,1906 Mendota Street,NC,North Carolina,98446
Henry,Armstrong,7 Elka Alley,TN,Tennessee,85442
Margaret,White,3 Colorado Avenue,WA,Washington,51729
Evelyn,Boyd,94 Transport Plaza,VA,Virginia,46581
Roy,Woods,7 Lyons Plaza,FL,Florida,15633
Shawn,Carroll,6056 Farwell Road,PA,Pennsylvania,15321
Martha,Campbell,9 Melody Pass,FL,Florida,51050
Dorothy,Schmidt,99 Moulton Drive,CA,California,37941
Doris,Garcia,36 Ronald Regan Hill,NJ,New Jersey,56373
Earl,Hicks,9 Hallows Place,CA,California,87921
Matthew,Wheeler,24682 Scofield Park,CA,California,45306
Sharon,Carr,0947 Holy Cross Hill,NE,Nebraska,11080
Johnny,Tucker,080 Loomis Drive,VA,Virginia,84314
Brandon,Moreno,133 Cottonwood Crossing,FL,Florida,45947
Victor,Little,55225 Sunbrook Parkway,GA,Georgia,64581
Betty,Carter,2 Buhler Way,DC,District of Columbia,68794
Jacqueline,Watkins,74279 Green Ridge Avenue,TX,Texas,60196
Gloria,Rivera,8161 Cherokee Plaza,CA,California,16089
Joyce,Meyer,27176 Fuller Lane,CA,California,32826
Frank,Morales,21784 Killdeer Place,TX,Texas,18279
Victor,Nguyen,9 Lakewood Gardens Terrace,PA,Pennsylvania,44963
Wanda,Robertson,71503 Logan Lane,NM,New Mexico,50454
Bruce,Willis,68216 Old Shore Pass,AK,Alaska,43832
Gerald,Garcia,99274 Ludington Parkway,MA,Massachusetts,60568
Bonnie,Bell,50526 Crest Line Trail,KY,Kentucky,95453
Harry,Roberts,711 Springs Place,MI,Michigan,11913
Ashley,Kennedy,30506 Northland Avenue,WV,West Virginia,63221
Juan,Reed,490 Dakota Drive,KY,Kentucky,65643
Denise,Watkins,13 Eastlawn Court,TN,Tennessee,61593
Lillian,Powell,0 Parkside Way,MA,Massachusetts,35656
Donna,Diaz,5491 Blackbird Crossing,FL,Florida,88287
Michelle,Daniels,91 Dahle Alley,NY,New York,33366
Brian,Willis,19482 Del Mar Hill,KS,Kansas,65553
Margaret,Cruz,23609 4th Avenue,FL,Florida,95389
Andrea,Barnes,1 Crescent Oaks Street,VA,Virginia,51355
Chris,Richardson,2497 Petterle Park,NY,New York,57935
Beverly,Bishop,64606 Eastlawn Way,SC,South Carolina,36499
Phyllis,Hamilton,7 Sullivan Hill,OH,Ohio,80916
Kevin,Holmes,98 Valley Edge Plaza,CA,California,87654
Victor,Miller,7537 Amoth Alley,FL,Florida,88670
Catherine,Morris,4099 Sage Hill,CO,Colorado,28267
Joan,Hamilton,12 Riverside Center,OH,Ohio,18025
Bruce,Graham,016 Clemons Way,AL,Alabama,84106
Sean,Bishop,1 Thompson Hill,LA,Louisiana,13145
Carol,Hernandez,51 Paget Street,MD,Maryland,83844
Daniel,Edwards,1978 Delladonna Parkway,CA,California,59007
Jimmy,Peters,632 Pankratz Road,FL,Florida,58471
George,Washington,006 Upham Trail,MO,Missouri,68587
Katherine,Ryan,92 Boyd Plaza,OK,Oklahoma,99972
Ernest,Turner,77875 Westridge Circle,SD,South Dakota,79606
Philip,Mendoza,31383 Mcbride Court,TN,Tennessee,20005
Katherine,Fuller,0 Reinke Road,MO,Missouri,55276
Mildred,Hanson,22913 Logan Hill,DC,District of Columbia,13191
Kathy,Coleman,276 Pond Road,OK,Oklahoma,64534
Walter,Phillips,10652 Fisk Road,CA,California,62830
Shawn,Gonzalez,626 Carey Way,NE,Nebraska,27927
Carolyn,Foster,9726 Columbus Avenue,FL,Florida,35844
Lori,Bishop,965 Ohio Parkway,TX,Texas,48520
Kevin,Black,10 Pearson Terrace,CO,Colorado,31344
Andrew,Murray,90 Delladonna Drive,FL,Florida,29612
Daniel,Matthews,28 Crest Line Pass,CT,Connecticut,28644
Carl,Wagner,04 Hanover Terrace,TX,Texas,24426
Julia,James,257 Kings Alley,TX,Texas,27839
Wayne,Williams,68825 Bellgrove Lane,GA,Georgia,19792
Rebecca,Payne,703 Northport Trail,CA,California,21968
Patricia,Porter,455 Utah Plaza,WA,Washington,90764
Heather,Cox,921 Stuart Road,OK,Oklahoma,30151
Katherine,Gordon,2 Farmco Avenue,NC,North Carolina,56007
Johnny,Freeman,537 Norway Maple Trail,TN,Tennessee,51670
Aaron,Bailey,87 Becker Plaza,PA,Pennsylvania,83024
Nancy,Young,46 Pepper Wood Junction,TX,Texas,93092
Sara,Adams,1 Oriole Street,OH,Ohio,26917
Stephen,Lopez,5 Aberg Center,NJ,New Jersey,29763
Scott,Ford,51405 Derek Place,TX,Texas,30277
Sandra,Griffin,3646 Reindahl Place,VA,Virginia,72208
Cheryl,Carroll,613 Stoughton Drive,MD,Maryland,60520
Jeremy,Ellis,1510 Jackson Avenue,AZ,Arizona,54368
Roger,Kelley,2 Shasta Pass,OK,Oklahoma,73670
Lois,Burke,1835 Eastlawn Point,KY,Kentucky,20458
Timothy,Burton,4 Randy Parkway,CA,California,94005
Melissa,Wright,58 Dwight Drive,TN,Tennessee,17325
Katherine,Reyes,6741 Dovetail Terrace,OH,Ohio,58193
Carl,Moore,93 Aberg Street,CA,California,19065
Carolyn,Thompson,063 Monterey Court,VA,Virginia,49232
Dennis,Weaver,8737 Arapahoe Trail,SC,South Carolina,82606
Philip,Garcia,3 Warbler Road,PA,Pennsylvania,72244
Lisa,Lawrence,5611 Browning Lane,AZ,Arizona,37681
Gary,James,549 Pearson Junction,FL,Florida,78633
Earl,Hunt,957 Troy Drive,CA,California,83436
Christopher,Austin,190 Westridge Hill,AL,Alabama,70433
Sarah,Torres,56517 Oak Valley Lane,MI,Michigan,61448
Bonnie,Thompson,68661 Towne Parkway,PA,Pennsylvania,51114
Scott,Burton,637 Del Mar Center,AL,Alabama,42946
Charles,Garcia,3139 Cherokee Court,CO,Colorado,50162
Adam,Carpenter,6648 Monterey Lane,CO,Colorado,16496
Ruth,Palmer,3 Derek Park,CA,California,91807
Ryan,Spencer,30 Lakewood Place,LA,Louisiana,57548
Paula,Peterson,530 Vera Park,FL,Florida,79801
Christine,Ellis,53 Kennedy Park,MN,Minnesota,27470
Bobby,Baker,1 Comanche Way,IN,Indiana,34747
Edward,Tucker,40466 Pepper Wood Pass,LA,Louisiana,31585
Benjamin,Howell,0 Kings Pass,FL,Florida,69515
James,Wood,55 Maywood Parkway,KS,Kansas,41618
Aaron,Murray,646 Swallow Drive,TX,Texas,38069
Deborah,Fuller,37 Summit Center,TX,Texas,28864
Mildred,Dunn,58 Granby Terrace,TX,Texas,37661
Thomas,Gonzales,41 Huxley Street,DC,District of Columbia,42221
Louis,Hart,8 Oakridge Point,GA,Georgia,96486
Aaron,Duncan,93 Maple Wood Point,IN,Indiana,96618
Aaron,Nelson,5 Oxford Point,NY,New York,93028
Andrew,Kim,41 Florence Pass,WI,Wisconsin,89194
Sharon,Cruz,16 Bartelt Lane,PA,Pennsylvania,86292
Roy,Russell,690 Sullivan Junction,PA,Pennsylvania,32756
Joshua,Tucker,3 Columbus Junction,FL,Florida,86611
Diana,Chapman,3029 Homewood Road,TX,Texas,30896
Betty,Bradley,7670 Prentice Way,VA,Virginia,48944
Lillian,Gardner,2318 Independence Street,OH,Ohio,77785
Alice,James,67422 Delaware Lane,PA,Pennsylvania,13294
Keith,Gomez,5 Holy Cross Park,TX,Texas,81256
Billy,Gonzalez,14196 Jenifer Plaza,MA,Massachusetts,18445
Katherine,Griffin,84431 Browning Alley,FL,Florida,44024
Betty,Phillips,5148 Delaware Lane,IN,Indiana,43639
Cheryl,Lewis,1571 Sommers Parkway,NY,New York,88165
Irene,Harper,57 Montana Trail,OH,Ohio,14458
Bobby,Morales,378 School Place,WA,Washington,75569
Donna,Spencer,834 Hovde Center,UT,Utah,18959
Katherine,Andrews,5 Carberry Junction,TX,Texas,90237
Virginia,Alvarez,65 Westerfield Trail,FL,Florida,67735
Clarence,Bishop,2889 Warner Junction,OH,Ohio,82879
Pamela,Flores,15977 Hallows Plaza,CA,California,93688
Jose,Dean,19246 Thackeray Court,AZ,Arizona,48816
Annie,Powell,7525 Almo Center,LA,Louisiana,59460
Nancy,Schmidt,49591 Fairfield Court,GA,Georgia,77197
Benjamin,Kennedy,261 Eastlawn Avenue,IA,Iowa,97223
Benjamin,Richards,193 Ridge Oak Plaza,OH,Ohio,99929
Fred,Dixon,25 Sugar Crossing,KY,Kentucky,82866
Julie,Hart,90356 Warrior Place,DE,Delaware,71114
Mark,Wright,8354 Stang Drive,CA,California,34039
Lawrence,Gutierrez,7437 Brentwood Crossing,NY,New York,29386
Carol,Young,4390 Kensington Court,VA,Virginia,54652
Marilyn,Larson,343 Anhalt Lane,TX,Texas,83530
Denise,Ruiz,0674 Clemons Junction,DC,District of Columbia,81607
Henry,Dixon,707 Claremont Court,TX,Texas,99684
Anthony,Larson,06 Evergreen Terrace,FL,Florida,56265
Kathleen,Williamson,177 School Place,VA,Virginia,70557
Harry,Chapman,79111 Northland Street,CA,California,48150
Steven,Morgan,7831 Kipling Pass,CA,California,68875
James,Hughes,562 Twin Pines Terrace,CA,California,73242
Ruby,Sanchez,18699 Packers Avenue,AL,Alabama,55988
Anthony,Bishop,6 Spenser Plaza,WA,Washington,70596
Gary,Howard,38162 Moland Street,NH,New Hampshire,62093
Kathryn,Hanson,0 Florence Circle,TX,Texas,44284
Amy,Dunn,69392 Express Place,KS,Kansas,43669
Deborah,Wood,1695 Vernon Hill,LA,Louisiana,63277
Amy,Tucker,094 Sommers Pass,ND,North Dakota,72310
Kathy,Moore,224 Del Sol Drive,VA,Virginia,94877
Shirley,Mccoy,204 Cambridge Parkway,MA,Massachusetts,98791
Jeffrey,Ramos,75476 Brown Circle,NV,Nevada,24290
Ralph,Taylor,21471 Hazelcrest Trail,TX,Texas,20741
Linda,Boyd,7981 Clyde Gallagher Alley,GA,Georgia,59697
Roy,Gutierrez,04 Duke Junction,NC,North Carolina,18963
Catherine,Meyer,523 Pierstorff Hill,CO,Colorado,45341
Lois,Ruiz,34 Northfield Crossing,TX,Texas,33369
George,Williams,6 Macpherson Hill,PA,Pennsylvania,16603
Andrew,Ray,63 Corscot Court,IL,Illinois,89297
Denise,Ramos,61 Merry Point,MO,Missouri,64303
Linda,Castillo,415 Ilene Way,CA,California,12847
Nancy,Hudson,5 Bartillon Park,DE,Delaware,90138
Norma,Sanchez,088 Birchwood Park,NY,New York,73927
Jacqueline,Castillo,857 Pond Trail,VA,Virginia,22415
Michael,Perez,86229 Badeau Road,SD,South Dakota,15346
Kevin,Ramirez,0 Marquette Terrace,CA,California,59871
Scott,Patterson,719 Tony Alley,HI,Hawaii,91035
Katherine,Martinez,1 Scofield Terrace,VA,Virginia,34287
Jacqueline,Griffin,90 Brentwood Circle,FL,Florida,68989
John,Powell,4 Brown Terrace,NC,North Carolina,24163
Kimberly,Ferguson,018 Valley Edge Junction,MO,Missouri,25403
Eugene,Woods,29770 Miller Alley,CA,California,42941
James,Parker,5 Iowa Trail,ID,Idaho,39542
Patricia,Bishop,06990 Meadow Vale Park,NJ,New Jersey,76923
Daniel,Carroll,88116 Spaight Terrace,DC,District of Columbia,40358
Lawrence,Harris,3614 Ilene Court,WI,Wisconsin,52269
Denise,Reid,5 Carpenter Point,ND,North Dakota,66741
Fred,Brown,11349 Pankratz Trail,MI,Michigan,31223
Sandra,Turner,53509 Drewry Alley,FL,Florida,51421
Doris,Webb,90 Chive Park,NV,Nevada,95218
Martin,Miller,931 Becker Junction,CA,California,44294
Julie,Harrison,51967 Washington Court,MN,Minnesota,28273
Jennifer,Johnston,1291 Haas Street,WV,West Virginia,40124
Kelly,Barnes,3618 Anzinger Parkway,AL,Alabama,17163
Annie,Thompson,8933 Heath Circle,PA,Pennsylvania,76987
Willie,Watson,0 American Ash Avenue,LA,Louisiana,97638
Justin,Bell,95298 Corscot Alley,TX,Texas,13051
Teresa,Walker,401 Montana Hill,TN,Tennessee,66189
Benjamin,Martin,984 Myrtle Road,CA,California,49070
Victor,Robertson,0 Kenwood Junction,CA,California,43313
Frank,Sanchez,512 Clyde Gallagher Center,AR,Arkansas,64026
Jerry,Medina,037 Darwin Circle,UT,Utah,92648
Bruce,Hall,06 Spaight Point,TX,Texas,23262
Sharon,Murphy,78 Colorado Pass,FL,Florida,53695
Jean,Knight,3 Dottie Plaza,UT,Utah,22893
Frank,Nelson,6321 Londonderry Trail,TX,Texas,77403
Jean,Hawkins,97 Ilene Circle,CA,California,45894
Louis,Morris,483 Gulseth Park,CA,California,47900
Alice,Dean,3980 Spaight Way,AL,Alabama,56049
Paul,Garza,36373 Hintze Pass,GA,Georgia,51230
Clarence,Vasquez,32664 Schmedeman Avenue,GA,Georgia,80721
Tina,Scott,93 Northwestern Drive,NJ,New Jersey,49720
Douglas,Martinez,694 Grayhawk Lane,TX,Texas,77544
Anna,Griffin,5885 Tennyson Alley,IN,Indiana,79844
Lois,Armstrong,6555 Forster Road,NY,New York,24288
Linda,Smith,37687 Debs Hill,OR,Oregon,60977
Maria,Fields,599 Beilfuss Road,CA,California,49131
Adam,Robinson,4846 Shoshone Center,OH,Ohio,57966
Gerald,Shaw,92 Mockingbird Avenue,MI,Michigan,72599
Joe,Larson,62096 Forest Road,MO,Missouri,77108
Paul,Hansen,5000 Arapahoe Place,LA,Louisiana,36783
Cheryl,Hunter,662 Dixon Center,VA,Virginia,60512
Diane,Bennett,27402 Ruskin Court,FL,Florida,56855
Gary,Mcdonald,92 Schlimgen Crossing,GA,Georgia,46437
Cynthia,Burke,4 Menomonie Circle,MI,Michigan,52581
Joan,Bailey,50443 Anderson Junction,AK,Alaska,31214
Andrew,Foster,56 Melrose Parkway,WA,Washington,94046
Roy,Mendoza,4 Bluejay Court,CO,Colorado,44442
Jeffrey,Meyer,54 Nelson Way,DC,District of Columbia,58722
Andrea,Reed,3 Harper Junction,AL,Alabama,64929
Timothy,Matthews,0 Elmside Place,NY,New York,93183
Anthony,Wagner,4782 Susan Crossing,WA,Washington,82711
Janet,Dixon,4220 Wayridge Drive,OH,Ohio,73028
Howard,Wilson,60464 Clyde Gallagher Road,FL,Florida,31987
Nancy,Sims,67592 Meadow Valley Street,AR,Arkansas,26222
Bonnie,Griffin,0 Hauk Road,DC,District of Columbia,15557
Howard,Henderson,4 International Parkway,TX,Texas,24697
Nicole,Campbell,84 Amoth Lane,AZ,Arizona,69575
Todd,Marshall,599 3rd Parkway,CT,Connecticut,22662
Antonio,Robertson,27189 Dottie Trail,CA,California,92674
Catherine,Montgomery,67246 Morrow Plaza,KY,Kentucky,53226
Jeremy,Morris,612 Green Ridge Alley,OH,Ohio,83694
Jennifer,White,25 Bayside Point,AZ,Arizona,86642
Marilyn,Bell,24 Bartillon Court,OR,Oregon,18377
Bruce,Willis,01143 Moland Way,NC,North Carolina,74398
Nicole,Daniels,63 Bashford Drive,NE,Nebraska,97410
Steve,Wright,40 Southridge Park,DC,District of Columbia,76714
Melissa,Harvey,597 Corben Lane,DC,District of Columbia,29603
Roy,Martinez,82 Judy Alley,TX,Texas,31972
Barbara,Daniels,219 Hoard Place,CA,California,35233
Janice,Graham,15896 Thompson Street,PA,Pennsylvania,79679
Jason,Owens,6 Graedel Street,PA,Pennsylvania,23240
Randy,Frazier,04930 Schmedeman Road,NV,Nevada,53281
Billy,White,6127 Pepper Wood Center,CA,California,76396
Arthur,Stewart,5095 Coleman Court,VA,Virginia,82910
Beverly,Barnes,03 Grim Point,TX,Texas,30465
Brandon,Tucker,363 Muir Way,NE,Nebraska,43006
Charles,Stanley,7 Hauk Pass,IA,Iowa,29992
Dennis,Harrison,259 Hoard Drive,SC,South Carolina,39263
Carl,Hicks,4586 Northwestern Avenue,GA,Georgia,81730
Dorothy,Ward,0860 Clyde Gallagher Alley,FL,Florida,31942
Harry,Elliott,13 Mitchell Avenue,IL,Illinois,88801
Denise,Diaz,2 Manley Terrace,TX,Texas,28877
Henry,Rogers,7 Walton Lane,CT,Connecticut,27646
Philip,Rogers,14152 Tony Plaza,NY,New York,12114
Kathryn,Day,607 Fairfield Way,FL,Florida,38501
Michael,Kelley,92040 Cardinal Park,KY,Kentucky,53190
John,Flores,055 Russell Road,NY,New York,10594
Donna,Morales,89 Debs Drive,AZ,Arizona,69050
Carl,Peterson,194 Basil Court,TX,Texas,66845
Theresa,Bishop,63194 Northwestern Lane,MI,Michigan,33099
Judy,Pierce,55 Fisk Street,NY,New York,79811
Patrick,Hansen,43542 Aberg Lane,KS,Kansas,67053
Patrick,Scott,95 Hermina Parkway,PA,Pennsylvania,49292
Susan,Morales,653 Graedel Road,TX,Texas,79039
Rebecca,Walker,44800 Grover Avenue,NE,Nebraska,78789
Ruth,Black,488 Del Mar Street,MI,Michigan,89120
Harold,Sims,74 Bowman Point,OH,Ohio,93675
Jack,Edwards,49 Monument Way,PA,Pennsylvania,85626
Thomas,Torres,493 Cody Junction,NV,Nevada,60891
Debra,Mendoza,50999 Westend Alley,TX,Texas,14701
Sean,Robinson,641 Pond Center,IN,Indiana,47689
Albert,Bennett,38048 Lake View Trail,NC,North Carolina,63236
Christine,Adams,61763 Burning Wood Lane,MN,Minnesota,67931
Todd,Cook,5 Westerfield Road,WA,Washington,36274
Lori,Boyd,1130 Tennessee Road,TN,Tennessee,52452
John,Knight,87021 Bonner Drive,AZ,Arizona,23280
Judy,Anderson,150 Colorado Park,CA,California,35347
Chris,Boyd,554 Truax Crossing,TX,Texas,38833
Jose,Frazier,4 Everett Trail,FL,Florida,54290
Angela,Bishop,60015 Sunnyside Junction,GA,Georgia,77825
Karen,Morgan,1494 Moulton Place,LA,Louisiana,58472
Helen,Lawrence,401 Hermina Way,VA,Virginia,47455
Louis,Butler,02 Kim Crossing,NC,North Carolina,92862
Robert,Miller,640 Stephen Parkway,DC,District of Columbia,13219
Shirley,Hawkins,57380 Continental Parkway,TX,Texas,68281
Eric,Perry,564 Gateway Plaza,AZ,Arizona,68221
Rebecca,Perkins,3387 Elmside Place,AL,Alabama,20993
Wayne,Gutierrez,1 Gulseth Park,DC,District of Columbia,37580
Debra,Hill,759 Lighthouse Bay Court,TX,Texas,99765
Margaret,Fisher,98 Lien Road,DC,District of Columbia,71116
Frances,Kim,1 Dorton Plaza,TX,Texas,20384
Kathy,Lynch,4203 Troy Crossing,CO,Colorado,99780
Marilyn,Willis,70700 Hauk Crossing,MI,Michigan,69707
Nancy,Turner,657 Transport Crossing,WV,West Virginia,33928
Virginia,Marshall,5004 Quincy Court,AL,Alabama,55175
Henry,Reid,8 Shasta Plaza,LA,Louisiana,14963
Amy,Carroll,3072 Atwood Hill,TX,Texas,21639
Phillip,Harris,055 Dennis Street,NY,New York,54750
Ann,Chavez,41790 Anhalt Center,LA,Louisiana,19743
Lawrence,Ross,31 Chinook Terrace,NY,New York,82824
Tina,Knight,719 Fieldstone Park,TN,Tennessee,57994
Theresa,Stone,224 Montana Hill,PA,Pennsylvania,85907
Larry,Green,1 Mariners Cove Hill,MN,Minnesota,97717
Carlos,Dunn,21604 Waxwing Trail,PA,Pennsylvania,39232
Louis,Lane,21339 Prairie Rose Lane,FL,Florida,96047
Andrea,Cox,446 Coleman Parkway,IN,Indiana,51924
Kathy,Long,7467 Daystar Way,MO,Missouri,33113
Patrick,Reed,08310 Scofield Terrace,NY,New York,32181
Robin,Richards,11 Michigan Point,OH,Ohio,81226
Harold,Hernandez,7011 Carberry Place,TX,Texas,95864
Tina,Woods,555 Homewood Hill,LA,Louisiana,90379
Barbara,Morrison,2 Meadow Valley Terrace,PA,Pennsylvania,60136
Lori,Wright,67 Summerview Hill,VA,Virginia,12924
Marilyn,Robertson,3861 Hallows Alley,DC,District of Columbia,37636
Philip,Porter,679 Homewood Place,FL,Florida,24103
Bruce,Nguyen,072 Bartelt Hill,MN,Minnesota,72356
Dorothy,White,98160 Donald Crossing,CA,California,58082
Christopher,King,1689 Sullivan Alley,MI,Michigan,89066
Paul,Baker,15 Lillian Street,MN,Minnesota,48817
Thomas,Baker,0375 Chinook Circle,AK,Alaska,33418
George,King,3725 Dahle Court,CA,California,22915
Steven,Green,81719 Hazelcrest Way,TX,Texas,28652
Clarence,Simpson,41662 Prairie Rose Terrace,MI,Michigan,44395
Joseph,Taylor,2 Warrior Trail,OH,Ohio,86609
Frances,Jackson,8702 Lakeland Lane,IL,Illinois,35197
Frank,Brown,99201 Jackson Court,OH,Ohio,37752
Kenneth,Moreno,7934 Anderson Court,CA,California,73672
Ryan,Diaz,82403 Becker Lane,IA,Iowa,80199
Phyllis,Murray,715 Moulton Terrace,OH,Ohio,31045
Betty,Watkins,28310 Mallard Point,UT,Utah,86169
Denise,Evans,7 Scott Drive,NV,Nevada,85749
Brian,Williamson,69554 Badeau Pass,KY,Kentucky,85864
Phyllis,James,087 Rigney Trail,CA,California,95493
Walter,Wagner,6 Delladonna Road,DC,District of Columbia,64159
Virginia,Bailey,80241 Reindahl Road,TN,Tennessee,22217
Kelly,Allen,43566 Pearson Road,CA,California,60031
Charles,Griffin,276 Jenna Street,CA,California,96668
Catherine,Griffin,8136 Bartelt Place,LA,Louisiana,90243
Jeffrey,Lewis,88185 Superior Road,TX,Texas,51836
Margaret,Watson,28 Ludington Circle,CA,California,85157
Steve,Reid,40935 Vera Street,CA,California,80561
Karen,Fernandez,119 Holy Cross Place,NH,New Hampshire,13188
Mildred,Diaz,485 Tomscot Parkway,NY,New York,14307
Jack,Butler,883 Clarendon Park,KY,Kentucky,26644
Kevin,Mills,5 Autumn Leaf Terrace,NE,Nebraska,52643
Brandon,Castillo,46141 Coleman Road,NC,North Carolina,63198
Ashley,Kennedy,85464 Alpine Point,IL,Illinois,18739
Carol,Lane,9320 Helena Way,NY,New York,35635
Donna,Stevens,4189 Brickson Park Terrace,MN,Minnesota,91102
Robert,Harris,19 Canary Center,TX,Texas,77572
Norma,Morrison,1492 Lunder Alley,KY,Kentucky,80093
Sandra,Ortiz,7 Shelley Circle,PA,Pennsylvania,62737
Sara,Rice,4592 Clarendon Drive,MD,Maryland,28642
Annie,Fowler,76 Susan Street,TX,Texas,87948
Jeffrey,Burke,4755 Evergreen Crossing,IL,Illinois,25291
Marilyn,Brown,85159 Onsgard Plaza,TX,Texas,31331
George,Wagner,613 Mariners Cove Junction,IL,Illinois,53549
Walter,Richardson,56832 Straubel Road,TX,Texas,85304
Jack,Weaver,1 Stephen Point,CA,California,24248
Steve,Edwards,52760 Artisan Place,FL,Florida,97096
Lawrence,Gordon,0 7th Road,KY,Kentucky,39587
Margaret,Greene,257 New Castle Hill,OH,Ohio,93200
Linda,Butler,8 Schlimgen Junction,IL,Illinois,49244
Wayne,Rivera,2 Sutherland Road,CA,California,34114
Randy,Hart,74 Drewry Terrace,CT,Connecticut,22323
Mark,Oliver,52491 Prairieview Drive,IL,Illinois,14274
Wayne,Greene,78 Debs Terrace,CA,California,39330
Craig,Watson,9520 Golf Court,OH,Ohio,84808
Robin,Payne,34 Coleman Junction,GA,Georgia,53189
Ruth,Jacobs,7 Farmco Hill,OK,Oklahoma,12115
Robin,Myers,6 Canary Hill,VA,Virginia,29674
Howard,Jordan,1287 Bartillon Crossing,AK,Alaska,66224
Willie,Berry,32148 Kropf Crossing,PA,Pennsylvania,39708
Richard,Cooper,900 Hudson Drive,NC,North Carolina,17240
Adam,Romero,7125 Garrison Drive,TX,Texas,32411
Margaret,White,798 Roth Plaza,TN,Tennessee,98039
Ryan,Harris,30745 Lyons Drive,TN,Tennessee,96499
Jose,Alvarez,18820 North Court,MO,Missouri,74865
Christina,Robinson,01125 Alpine Center,FL,Florida,51073
Raymond,Bailey,63 Shasta Place,AL,Alabama,48199
Deborah,Banks,91 Northport Parkway,AZ,Arizona,61789
Laura,Palmer,4 Mariners Cove Road,TX,Texas,42844
Lori,Grant,08 Warrior Parkway,IL,Illinois,61541
Albert,Wilson,4549 Ruskin Point,NC,North Carolina,69936
Bruce,Sanders,285 Eliot Crossing,OR,Oregon,79126
Diane,Ramirez,215 Bunting Plaza,CA,California,46855
Eric,Barnes,182 Waxwing Terrace,TX,Texas,22270
Sean,Carr,557 Aberg Road,FL,Florida,29187
Jerry,Andrews,3 Morningstar Terrace,OR,Oregon,34155
Paula,Ramirez,2 Dunning Drive,MN,Minnesota,96194
Juan,Hawkins,418 Fuller Way,CA,California,78738
Betty,Mitchell,62933 Roth Drive,GA,Georgia,43848
Billy,Reid,90617 Barby Circle,KS,Kansas,11922
Christina,Chapman,4519 Emmet Center,MI,Michigan,76963
David,Ramirez,5036 Grim Center,MI,Michigan,10346
Brenda,Thomas,1 Dawn Terrace,OH,Ohio,95480
Billy,Alexander,18 Pierstorff Junction,FL,Florida,47996
Craig,Hudson,3559 Pankratz Lane,OK,Oklahoma,55985
Annie,Butler,0096 Bowman Junction,AL,Alabama,20639
Randy,Flores,217 Ridgeway Crossing,TX,Texas,18815
Evelyn,Gonzalez,00 Grim Trail,GA,Georgia,24559
Daniel,Mendoza,556 Clemons Pass,MD,Maryland,39842
Angela,Reed,04242 5th Pass,DC,District of Columbia,24129
Paul,Mendoza,8173 International Trail,WA,Washington,90198
Louis,Warren,852 Carioca Center,CA,California,26489
Theresa,Price,3274 Monica Way,MN,Minnesota,37532
Joe,Rivera,2073 Onsgard Parkway,PA,Pennsylvania,98876
Daniel,Ward,4 Charing Cross Street,NJ,New Jersey,19320
Fred,Gilbert,4 Morningstar Street,CO,Colorado,45453
Mary,Rodriguez,530 Heffernan Avenue,MA,Massachusetts,41587
Helen,Mitchell,1723 Bultman Court,TX,Texas,31713
Billy,Kennedy,917 Calypso Lane,NC,North Carolina,13065
Benjamin,Hayes,07167 Dorton Alley,CO,Colorado,77328
Irene,Harris,19188 Vernon Crossing,CA,California,86731
Paula,Williams,39464 Carpenter Hill,TX,Texas,77675
Ruth,Henderson,83687 Brown Parkway,NC,North Carolina,89320
Tina,Bowman,13 Vera Way,FL,Florida,13393
Kimberly,Washington,2 Waxwing Parkway,GA,Georgia,85402
Frank,Campbell,572 Sachs Street,IL,Illinois,72363
Antonio,Johnson,95099 Dryden Plaza,PA,Pennsylvania,59298
Christopher,Howard,96 Larry Parkway,NY,New York,60537
Paula,Knight,77 Eggendart Pass,VA,Virginia,55714
Christopher,Taylor,551 Lighthouse Bay Drive,VA,Virginia,70724
Arthur,Bradley,0646 Fair Oaks Crossing,CA,California,48183
Harry,Simpson,2576 Sugar Terrace,MA,Massachusetts,81206
Brandon,Garza,2125 Valley Edge Park,KS,Kansas,39350
Joan,Gray,53339 Logan Crossing,CA,California,96039
Nicole,Coleman,38386 Daystar Lane,AZ,Arizona,15726
Donna,Ramirez,15 Hanover Park,FL,Florida,63321
Martin,Long,0737 Trailsway Avenue,KS,Kansas,61079
Phillip,Mendoza,14144 Parkside Way,VA,Virginia,27115
Tina,Crawford,14755 Reinke Crossing,FL,Florida,98238
Rebecca,Henry,35216 Steensland Trail,DC,District of Columbia,13475
Arthur,Jordan,057 Schiller Pass,IL,Illinois,84288
Mary,Smith,4 Swallow Way,AL,Alabama,98022
Kathryn,Rogers,5885 Cascade Alley,NY,New York,75570
Jimmy,Rice,682 Spohn Terrace,LA,Louisiana,56010
Jean,Greene,97723 Jenifer Center,PA,Pennsylvania,44631
Beverly,Hudson,35887 Tennessee Place,MN,Minnesota,31735
Mark,Stevens,74 Vernon Street,PA,Pennsylvania,10083
Brian,Fisher,6 Eggendart Street,KS,Kansas,62624
Jesse,Robinson,786 Hollow Ridge Pass,IA,Iowa,80547
Adam,Hawkins,40018 Golf View Center,FL,Florida,86392
Gary,Peters,1 Brickson Park Lane,OH,Ohio,31970
Johnny,Green,84 Pennsylvania Court,TX,Texas,54135
Louise,Wells,1 Surrey Lane,CA,California,70962
Pamela,Mendoza,39 Prentice Court,MN,Minnesota,21020
Kenneth,Wells,79823 John Wall Hill,AZ,Arizona,69696
Susan,Marshall,0 Forest Run Crossing,UT,Utah,44067
Debra,Powell,77799 Canary Drive,NY,New York,20849
Joseph,Torres,3758 Forest Run Park,TX,Texas,35643
Kimberly,Simpson,7963 Village Avenue,MD,Maryland,22047
Anne,Carr,7958 Sunbrook Trail,AZ,Arizona,54532
Lori,Peterson,7435 Meadow Valley Park,MD,Maryland,93449
Nicole,Murray,6111 Weeping Birch Terrace,MI,Michigan,23192
Donald,Mccoy,9931 Springs Point,SC,South Carolina,95305
Jesse,Young,6 Browning Alley,UT,Utah,86774
Carol,Green,38526 Ridge Oak Avenue,WA,Washington,66600
Nancy,Butler,6053 Debs Way,TX,Texas,35667
Debra,White,13909 Monica Junction,CA,California,79927
Linda,Larson,67 Debs Lane,MI,Michigan,79222
Roger,Mason,9922 Forest Run Place,IL,Illinois,26173
Debra,Jordan,48 Almo Way,CA,California,54928
Denise,Reid,10331 Vermont Place,FL,Florida,79532
Joan,Stone,8 Main Avenue,PA,Pennsylvania,83715
Keith,Washington,0626 Center Lane,NV,Nevada,34324
Brandon,Walker,555 Jackson Center,NV,Nevada,67766
Janet,Fisher,0864 Prairie Rose Street,WA,Washington,61819
Betty,Fowler,429 Charing Cross Circle,HI,Hawaii,52396
Michael,Medina,4957 Basil Trail,OH,Ohio,57676
Earl,Peterson,9544 Harper Circle,NY,New York,37671
Elizabeth,Barnes,4616 Canary Place,SC,South Carolina,86271
Alan,Mills,4 Express Drive,TN,Tennessee,32794
Russell,Howell,65 American Hill,ND,North Dakota,86046
Mark,Murray,60 Forest Run Street,CT,Connecticut,23834
Helen,Rose,7 Hudson Hill,CO,Colorado,25630
Annie,Marshall,41042 Summit Place,CO,Colorado,20243
Joseph,Smith,46010 Sunbrook Trail,AK,Alaska,25195
Alice,Brooks,1 Spaight Alley,PA,Pennsylvania,61690
Lori,Woods,3 Oriole Point,IL,Illinois,33634
Judith,Gordon,2 Nelson Junction,CO,Colorado,96821
Sharon,Mills,6 Bartelt Crossing,PA,Pennsylvania,73746
Kevin,Ruiz,47 Wayridge Road,NY,New York,24837
Philip,Martin,620 Boyd Terrace,OH,Ohio,40615
Walter,Rice,0 Barby Avenue,SC,South Carolina,81543
Julia,Smith,4 Springview Alley,PA,Pennsylvania,25828
Adam,Cooper,02 Hazelcrest Lane,NC,North Carolina,60607
Dorothy,Ramirez,690 Morning Drive,NV,Nevada,89017
Cynthia,Peterson,445 Luster Junction,NY,New York,30025
David,Montgomery,529 Randy Parkway,MO,Missouri,65523
Craig,Robertson,9 Butternut Street,FL,Florida,78314
Laura,Sanchez,11 Fisk Street,NV,Nevada,27066
Brenda,Parker,8 Green Center,MN,Minnesota,70424
John,Watkins,712 Marquette Court,NC,North Carolina,51322
Karen,Wright,52 5th Street,MN,Minnesota,31711
Gary,Kim,78 Prentice Park,KS,Kansas,85596
Fred,Hanson,57396 Shasta Park,TX,Texas,49163
Jerry,Stanley,602 Oxford Point,TX,Texas,60019
Lois,Henry,02645 Bonner Parkway,NY,New York,96161
Fred,Reed,2835 Canary Hill,NY,New York,55062
Harold,Hamilton,674 Elka Alley,HI,Hawaii,40583
Stephanie,Thomas,2 Bunting Crossing,KS,Kansas,44391
Andrew,Price,1 Straubel Drive,CA,California,49261
Stephanie,Boyd,9787 Bluejay Lane,ND,North Dakota,74712
Judy,Long,20946 Kings Place,MA,Massachusetts,81642
Andrea,Meyer,537 Sundown Street,NY,New York,97706
Stephanie,Nichols,5 Lerdahl Hill,IL,Illinois,65206
Jack,Flores,0415 Mandrake Way,CA,California,14970
Debra,George,73972 Nevada Pass,TX,Texas,64680
Diana,Flores,55 Rigney Court,WA,Washington,81397
Jack,Medina,73386 Iowa Road,PA,Pennsylvania,46760
Christine,Sanders,79307 Manufacturers Drive,IL,Illinois,24386
Ann,Webb,2 Basil Way,TN,Tennessee,21058
Jack,Medina,7 Colorado Point,IN,Indiana,32503
Todd,Montgomery,92 Lawn Terrace,IL,Illinois,10043
Frances,Lawrence,17 Kings Alley,TX,Texas,78129
Carl,Fernandez,4 Corben Center,NY,New York,62567
Joseph,Bennett,63173 Reinke Hill,WV,West Virginia,54566
Brandon,Washington,645 Forest Dale Plaza,TX,Texas,74352
Jimmy,Jenkins,78 Express Trail,CA,California,84963
Victor,Snyder,3594 Amoth Crossing,WA,Washington,47027
Joseph,Miller,248 Gulseth Alley,IA,Iowa,61350
Shirley,Anderson,02 Colorado Park,MI,Michigan,78027
Juan,Harris,8 Oak Street,LA,Louisiana,69884
Denise,Sanchez,5353 Artisan Center,IA,Iowa,56659
Lori,Payne,3103 Moulton Avenue,VA,Virginia,84057
Stephanie,Howell,54346 Havey Junction,KS,Kansas,24694
Janice,Jordan,499 Anthes Point,CA,California,49307
Martin,Warren,13275 Melrose Way,VA,Virginia,22899
Jeremy,Rogers,59020 Union Hill,CA,California,33730
Beverly,Foster,2267 Linden Center,GA,Georgia,24468
Kimberly,Butler,96 Pearson Way,TX,Texas,15872
Scott,Pierce,7 New Castle Street,PA,Pennsylvania,71281
Julia,Burton,498 Donald Plaza,WV,West Virginia,68840
James,Turner,6749 Sloan Hill,TX,Texas,86663
Frank,Peters,24866 7th Lane,MI,Michigan,36204
Lawrence,Perkins,239 Waywood Court,FL,Florida,39377
Andrea,King,4571 Northview Circle,GA,Georgia,71980
Russell,Romero,45 La Follette Crossing,FL,Florida,91933
Brenda,Parker,18 Ridgeway Drive,IN,Indiana,78043
Patrick,Fields,63 3rd Place,IN,Indiana,75334
Amanda,Nguyen,5641 Tomscot Circle,SC,South Carolina,93664
Angela,Jenkins,032 Twin Pines Center,CA,California,91793
Julia,Day,0 Kinsman Terrace,OH,Ohio,23433
Ashley,Wallace,057 Grasskamp Court,AR,Arkansas,45519
Marie,Butler,59020 Miller Crossing,CA,California,86389
Matthew,Fernandez,10 Florence Plaza,GA,Georgia,11275
Willie,Lynch,1486 Westport Center,FL,Florida,21514
Frank,Brooks,505 Northport Crossing,WV,West Virginia,36612
Joe,Lopez,9714 Jenna Circle,IN,Indiana,26516
Jessica,Mason,563 Lindbergh Court,NY,New York,56056
Dennis,Hansen,69 Eagle Crest Hill,CA,California,90963
Donna,Daniels,12 Pawling Park,GA,Georgia,29872
Diane,Lynch,6 Orin Avenue,CO,Colorado,37904
Willie,Schmidt,20 Butternut Pass,VA,Virginia,22531
Maria,Ray,78 Linden Road,IL,Illinois,85588
Jack,George,99242 Oak Plaza,AZ,Arizona,55695
Shirley,Wells,618 Sutteridge Avenue,IA,Iowa,38045
Judith,Wheeler,71 Kim Way,FL,Florida,57863
Ruth,Martin,6 Di Loreto Point,CO,Colorado,98118
Lois,Montgomery,33 Parkside Park,FL,Florida,83713
Scott,Ramos,5648 Elka Center,MO,Missouri,94501
Ashley,Spencer,2 Tomscot Plaza,FL,Florida,13916
Harry,Garrett,97 Red Cloud Plaza,PA,Pennsylvania,95854
Heather,Cunningham,2 Stoughton Plaza,IN,Indiana,13254
Stephanie,Cooper,13853 Morrow Drive,DC,District of Columbia,36151
Ann,Carpenter,72 Crescent Oaks Lane,CA,California,19026
Roy,Kelley,3 High Crossing Park,CO,Colorado,92650
Todd,Little,4866 Northridge Parkway,GA,Georgia,85746
Larry,Patterson,84886 Barnett Way,CA,California,19691
Jeremy,Crawford,44 Continental Crossing,IN,Indiana,62246
Robert,Grant,667 Brickson Park Hill,NC,North Carolina,85959
Janet,Matthews,06651 Rieder Terrace,KY,Kentucky,45387
Albert,Evans,5396 Cambridge Terrace,NY,New York,13020
Justin,Campbell,1009 Mccormick Park,IN,Indiana,71072
Sean,Tucker,27792 Marcy Alley,KS,Kansas,79965
Ralph,Collins,83444 Maple Street,MN,Minnesota,56234
Russell,Robinson,5 Wayridge Street,OH,Ohio,46963
Benjamin,Harrison,56692 Golden Leaf Trail,CO,Colorado,38784
Willie,Jackson,4 Bellgrove Junction,WV,West Virginia,38931
Barbara,Morrison,91020 Killdeer Terrace,DE,Delaware,92547
Maria,Nelson,07 Larry Park,CA,California,83218
Roger,Fields,685 Sutherland Lane,WV,West Virginia,37451
Charles,Warren,68455 Kropf Trail,VA,Virginia,24088
Rachel,Young,352 Kropf Court,TX,Texas,78679
Gerald,Reyes,9842 Monument Place,KS,Kansas,75214
Johnny,Marshall,05954 Comanche Avenue,FL,Florida,68329
Joshua,Ruiz,38062 Bartelt Park,IL,Illinois,27003
Judith,Phillips,95050 Old Gate Drive,CO,Colorado,65729
Janet,Jenkins,2 Dottie Parkway,AL,Alabama,65237
Karen,Ortiz,189 Saint Paul Crossing,TX,Texas,56571
Catherine,Johnson,0 Merry Street,NJ,New Jersey,68722
Robin,Simmons,09 Prairieview Street,AL,Alabama,82984
Joyce,Murray,64337 Hagan Road,NC,North Carolina,13123
Raymond,Chapman,378 Glacier Hill Crossing,NM,New Mexico,44573
Tina,Evans,82 Corscot Trail,CA,California,64586
Jason,Alexander,4 Arapahoe Lane,IL,Illinois,13381
Jesse,Willis,65713 Sommers Plaza,TX,Texas,82374
Richard,Torres,31625 Magdeline Avenue,FL,Florida,28162
Jonathan,Evans,74 Golf Course Hill,TX,Texas,63540
Alice,Jacobs,763 Graceland Trail,CA,California,10338
Janice,Nguyen,38 Surrey Street,TX,Texas,59204
Howard,Kelly,71012 Barby Center,CA,California,63550
Norma,Bowman,7759 Northridge Court,CA,California,48433
Todd,Hart,54929 Mcbride Avenue,CA,California,46443
Cheryl,Oliver,2530 American Hill,GA,Georgia,59547
Ronald,Lawrence,9 Huxley Place,MO,Missouri,66489
Billy,Frazier,91028 Delaware Junction,CA,California,64552
Judy,Baker,803 Lyons Plaza,TX,Texas,24541
Shirley,Chapman,7880 Lerdahl Pass,MI,Michigan,17722
George,Scott,06 Roxbury Place,NJ,New Jersey,98879
Teresa,Elliott,10 Northland Pass,CA,California,19295
Jack,Andrews,7 Walton Avenue,CA,California,28852
Earl,Phillips,7795 Nelson Way,MA,Massachusetts,85225
Russell,Chapman,8526 Nobel Crossing,TX,Texas,60922
Paul,Lopez,0 Ilene Parkway,TN,Tennessee,33238
Robert,Stevens,22805 Maywood Lane,MI,Michigan,28524
Kenneth,Morrison,05486 Bellgrove Junction,MN,Minnesota,19805
Doris,Frazier,1 Oakridge Hill,NH,New Hampshire,97176
Joe,Berry,6 Loomis Point,CA,California,62463
Michelle,James,285 Randy Lane,OH,Ohio,56957
Stephanie,Romero,00 Granby Point,IN,Indiana,55060
Frank,Reid,00046 Kim Avenue,DC,District of Columbia,26022
Martha,Ruiz,36588 Petterle Street,OR,Oregon,73521
Kathleen,Vasquez,86 Pond Lane,GA,Georgia,37275
Louise,Baker,47180 Cordelia Avenue,IN,Indiana,40576
Stephen,Hudson,92 Loeprich Place,DE,Delaware,73858
Fred,Bailey,08 Manitowish Circle,TX,Texas,30545
John,Schmidt,18 Maryland Crossing,MS,Mississippi,50300
Jason,Cooper,698 Golf View Lane,FL,Florida,12488
Shirley,Garrett,03 Red Cloud Court,TX,Texas,64518
Diana,Miller,05 Arapahoe Street,IL,Illinois,82174
Mary,Baker,2165 Park Meadow Terrace,GA,Georgia,92253
Beverly,Romero,508 Warbler Place,WI,Wisconsin,77500
Joseph,Gomez,022 Orin Avenue,AK,Alaska,69582
Christina,Bell,07 Main Circle,CA,California,78942
Juan,Williamson,05488 Emmet Court,SC,South Carolina,80213
Billy,Armstrong,455 Brickson Park Way,FL,Florida,87327
Craig,Peters,692 Hansons Street,TN,Tennessee,68483
William,Scott,71189 Lake View Circle,MI,Michigan,35394
Russell,Reyes,68382 Luster Way,UT,Utah,93105
Patricia,Wilson,58425 Sherman Park,MO,Missouri,61070
Donna,Gomez,6 Del Mar Avenue,GA,Georgia,17603
Judith,Brown,57494 Surrey Point,CA,California,63659
Steven,Gray,514 Jenifer Plaza,IN,Indiana,98704
Robert,Anderson,61131 Muir Hill,NC,North Carolina,29380
Emily,Richards,77772 Stang Circle,IA,Iowa,13613
David,Mitchell,781 Monument Avenue,TX,Texas,20836
Cheryl,Burns,252 Huxley Plaza,TX,Texas,13420
Norma,Anderson,166 Kipling Terrace,AZ,Arizona,59941
Kathleen,Kennedy,10778 Porter Circle,MN,Minnesota,41232
Margaret,Garrett,3 Carberry Point,CA,California,86943
Janice,Young,4875 Miller Drive,NY,New York,87296
Debra,Butler,3 Vera Parkway,AL,Alabama,49937
Frances,Palmer,5933 Haas Road,AZ,Arizona,31016
Virginia,Little,5100 Warner Point,OH,Ohio,83686
Joseph,Nguyen,25 Warbler Trail,NY,New York,75432
Doris,Wright,32 Gale Crossing,MA,Massachusetts,47818
Steve,Carter,4 Bay Center,AL,Alabama,49124
Carlos,Washington,41638 Waywood Junction,TN,Tennessee,49183
Fred,Miller,80135 Rutledge Terrace,CA,California,93096
Teresa,Lane,7 Lotheville Plaza,MI,Michigan,49146
Ronald,Lane,74 Autumn Leaf Point,NM,New Mexico,78421
Daniel,Peterson,2236 Ridgeway Street,VA,Virginia,66127
Antonio,Richards,87337 Daystar Junction,NV,Nevada,59695
Martha,Nguyen,24 Quincy Parkway,FL,Florida,27668
Jason,Fisher,3 Homewood Lane,KS,Kansas,60946
Evelyn,Sims,92852 Dayton Center,OH,Ohio,92598
Ruby,Rogers,1832 Kedzie Alley,MN,Minnesota,89847
Judith,Watkins,8 Westerfield Terrace,TX,Texas,76358
Mildred,Medina,4475 Forster Crossing,OH,Ohio,42121
Jonathan,Dunn,2 Morning Center,NY,New York,42504
Mildred,Taylor,1882 Troy Court,WV,West Virginia,27874
Jonathan,Flores,09 Homewood Drive,IA,Iowa,46370
Virginia,King,3628 Daystar Hill,NJ,New Jersey,69825
Judy,Collins,532 Hagan Trail,CA,California,52600
Russell,Rice,924 Nelson Pass,MO,Missouri,56461
Julie,Jenkins,955 Steensland Place,VA,Virginia,41941
Antonio,Little,24 Dennis Circle,NH,New Hampshire,86051
Diana,Jordan,52 Maple Avenue,MO,Missouri,34619
Jerry,Long,0 Rutledge Lane,IL,Illinois,55907
Donald,Hanson,45 Schlimgen Drive,NV,Nevada,24994
Billy,Stewart,012 Cody Avenue,PA,Pennsylvania,88460
Phillip,Gordon,70 Spaight Pass,NM,New Mexico,76889
Judy,Weaver,78 Jana Lane,OK,Oklahoma,62975
Katherine,Gonzalez,66560 Laurel Park,FL,Florida,82913
Carl,Howell,5 Grasskamp Park,CA,California,38633
Henry,Allen,8 Sullivan Plaza,LA,Louisiana,98707
Maria,Sims,250 Butternut Road,CA,California,71183
Ryan,Morales,254 Pepper Wood Parkway,WA,Washington,17534
Teresa,Edwards,8 Little Fleur Terrace,TX,Texas,19692
Amanda,Price,940 Butternut Drive,IL,Illinois,39843
Susan,Johnston,0 Dunning Avenue,CO,Colorado,25394
Nancy,Schmidt,05025 Lunder Hill,OK,Oklahoma,92936
Ernest,Hamilton,14 Reindahl Lane,NY,New York,74271
Antonio,Green,758 Northwestern Plaza,NC,North Carolina,13646
Ronald,Long,87676 Boyd Alley,NJ,New Jersey,30922
Earl,Dunn,4 Beilfuss Avenue,FL,Florida,79108
William,Porter,29 Daystar Drive,NC,North Carolina,49812
Anna,Rice,0862 Independence Lane,CA,California,20739
Carol,Wright,4 Melby Alley,IL,Illinois,41583
Brenda,Campbell,046 Schlimgen Junction,VA,Virginia,21589
Paula,Thompson,8580 Brentwood Hill,MO,Missouri,15577
Joshua,Mitchell,77 Westridge Crossing,FL,Florida,65688
George,Barnes,35 Starling Avenue,AL,Alabama,13880
Ronald,Gonzalez,39 Kenwood Road,LA,Louisiana,13188
Kelly,Snyder,1169 Stoughton Circle,MI,Michigan,79868
Fred,Green,0840 Hollow Ridge Drive,CA,California,76663
Scott,Walker,34 Oakridge Court,MI,Michigan,44044
Jeremy,Gomez,9799 Ohio Trail,TX,Texas,90400
Nicole,Montgomery,60876 Declaration Plaza,TN,Tennessee,98840
Jack,Burton,7 Golden Leaf Street,OR,Oregon,18449
Robin,Sims,2 Veith Park,CA,California,96311
Brian,Vasquez,495 7th Center,NM,New Mexico,50630
Johnny,Simmons,07954 Schlimgen Avenue,MI,Michigan,85174
Marie,Carpenter,0402 Surrey Avenue,CO,Colorado,55930
Mildred,Diaz,64 Everett Center,FL,Florida,41477
Lillian,Boyd,24633 Butterfield Hill,CT,Connecticut,49951
Harold,Freeman,4896 Independence Crossing,MO,Missouri,80967
Andrea,Berry,9568 Mesta Hill,FL,Florida,24284
Jimmy,Wallace,1885 Waubesa Junction,TX,Texas,99871
Sarah,Hart,57 Merrick Place,NV,Nevada,52957
Willie,Walker,215 Eastlawn Trail,ND,North Dakota,44570
Matthew,Morrison,43 Delaware Hill,AZ,Arizona,90044
Edward,Nguyen,3 Loeprich Parkway,CA,California,56450
Jose,Burton,8 Banding Place,KY,Kentucky,69079
Louis,Peters,216 Shoshone Alley,MS,Mississippi,83807
Kathryn,Ramos,81 Norway Maple Parkway,WA,Washington,30630
Lori,Wallace,00 Thackeray Pass,OH,Ohio,51050
Benjamin,Cunningham,3 Saint Paul Crossing,TX,Texas,69138
Betty,Richardson,0 Graedel Place,MA,Massachusetts,31199
Shirley,Morales,960 Oriole Crossing,TX,Texas,30556
Roger,Woods,74 Roxbury Park,MO,Missouri,66605
Joan,Barnes,2925 Dakota Road,TN,Tennessee,31557
Judith,Matthews,01 Pawling Street,OH,Ohio,17338
Carol,Little,9358 Golf View Road,AZ,Arizona,87148
Beverly,Allen,40 Hoard Drive,TX,Texas,56146
Judy,Howell,0695 Springview Parkway,KY,Kentucky,23712
Robin,Morales,9954 Heffernan Parkway,OR,Oregon,44328
Christopher,Rice,2406 Atwood Alley,CO,Colorado,25804
Alice,Martin,67 Nancy Pass,PA,Pennsylvania,62738
Beverly,Reynolds,1336 Blue Bill Park Junction,WV,West Virginia,95190
Kathy,Castillo,563 Logan Point,TX,Texas,99940
Stephanie,Wallace,5 Elgar Avenue,AL,Alabama,40979
William,Webb,2633 Birchwood Drive,OH,Ohio,93743
Andrea,Welch,7676 Kipling Crossing,TX,Texas,99092
Jimmy,Ramirez,4 Jenifer Court,OR,Oregon,76330
Jessica,Hart,98 Barnett Court,AZ,Arizona,21042
Cheryl,Carpenter,173 Emmet Circle,IA,Iowa,40339
Marie,Jordan,75355 Lakewood Gardens Road,CA,California,55888
Chris,Ellis,37 Riverside Road,MO,Missouri,53666
Craig,Patterson,1 Menomonie Lane,FL,Florida,12757
Lori,Martinez,52 Westerfield Circle,UT,Utah,34826
Andrew,Boyd,181 Mcguire Center,NY,New York,69973
Patricia,Day,2879 Manitowish Point,IL,Illinois,33405
Kevin,Weaver,8 Ridgeview Circle,AZ,Arizona,87926
Donna,Reed,08 Schlimgen Court,TX,Texas,79275
Aaron,Henderson,8 Lotheville Lane,NY,New York,99035
Sara,Gibson,40 Lotheville Lane,AR,Arkansas,77073
Elizabeth,Medina,7 Eastlawn Terrace,PA,Pennsylvania,93671
Kimberly,West,3907 La Follette Terrace,KY,Kentucky,44723
Raymond,Hughes,2239 Saint Paul Avenue,TX,Texas,57262
Theresa,Wallace,7 Monterey Park,CA,California,51321
Thomas,Montgomery,12 Menomonie Avenue,IL,Illinois,51819
Lillian,Collins,4706 Fairfield Court,IN,Indiana,98372
Joshua,Lee,4945 Butterfield Hill,NC,North Carolina,79973
Cheryl,Grant,7 Washington Terrace,VA,Virginia,64240
Stephen,Cunningham,077 Summer Ridge Parkway,MI,Michigan,97930
Howard,Ortiz,860 Maple Wood Terrace,NY,New York,79318
Matthew,Gray,3785 Fremont Crossing,FL,Florida,22986
Denise,Dunn,3 Bunting Plaza,CA,California,61278
Sean,Ortiz,2 Tennyson Circle,CA,California,41193
Juan,Robertson,0464 Victoria Road,SC,South Carolina,70554
Ernest,Morgan,62 Tennyson Circle,CA,California,97954
Douglas,Cox,982 Maple Pass,ID,Idaho,17449
Philip,Reynolds,31 Oak Street,MD,Maryland,66299
Phyllis,Butler,1405 Ridgeway Court,SC,South Carolina,14789
Maria,Ward,107 Grasskamp Way,NC,North Carolina,75945
Janice,Morrison,6 Beilfuss Lane,DC,District of Columbia,94827
Steven,Holmes,405 Kim Drive,CA,California,87017
Frances,Mitchell,04342 Elgar Drive,TX,Texas,28025
Benjamin,Greene,910 Hooker Lane,NY,New York,26164
Scott,Garza,83 Waubesa Drive,TX,Texas,61464
Christine,Hunt,698 Walton Junction,GA,Georgia,83257
Antonio,Mendoza,1 Bellgrove Alley,LA,Louisiana,77408
Lillian,Brooks,303 Scott Lane,CT,Connecticut,15451
Todd,Fowler,29902 Elka Alley,TX,Texas,58383
Paul,Lopez,7961 Loeprich Terrace,MI,Michigan,29585
Karen,Bowman,1864 Farragut Place,MN,Minnesota,28680
Chris,Riley,41 Miller Plaza,CA,California,50674
Wayne,Riley,93 Rowland Pass,NE,Nebraska,26226
Barbara,Martin,78 Rutledge Terrace,FL,Florida,75394
Marilyn,Snyder,6667 Stone Corner Place,FL,Florida,13546
Bobby,Harrison,2402 Warrior Road,AZ,Arizona,72318
Frances,Mitchell,8082 Lindbergh Point,PA,Pennsylvania,12366
Diane,Hayes,705 Lyons Plaza,NC,North Carolina,22552
Jessica,Harper,533 Pawling Trail,OR,Oregon,31266
Sarah,Harper,5969 School Lane,MI,Michigan,18129
Ernest,Dixon,338 Schlimgen Drive,CA,California,59052
Anna,Berry,65219 Waywood Road,CO,Colorado,90271
Jimmy,Wright,0 Heffernan Road,CA,California,83088
Benjamin,Alexander,45 Mockingbird Plaza,IA,Iowa,53192
Antonio,Rose,9615 Moulton Court,NY,New York,82405
Earl,Ward,6355 American Ash Crossing,NE,Nebraska,10208
Mildred,West,5 Farmco Junction,MT,Montana,82136
Theresa,Oliver,5775 Gerald Point,TX,Texas,13962
Howard,Pierce,03402 Sutherland Center,IL,Illinois,98154
Victor,Kelly,9 Northridge Terrace,VA,Virginia,80028
Alan,Gordon,0195 Maple Wood Avenue,HI,Hawaii,20415
Juan,Brown,1750 Moulton Park,TX,Texas,21005
Philip,Cox,9 Petterle Court,AR,Arkansas,31708
Deborah,Thompson,8901 Westend Park,WA,Washington,98567
Robin,Reyes,5 Morrow Pass,FL,Florida,90764
Catherine,Hudson,092 Waubesa Park,CO,Colorado,23600
Samuel,Arnold,2235 Lyons Parkway,IN,Indiana,75138
Marie,Martinez,49 Northwestern Plaza,AZ,Arizona,80535
Alice,Bailey,78 Hollow Ridge Center,NY,New York,67875
Christine,Sims,8 Ruskin Avenue,CA,California,37768
Beverly,Kelly,8192 Browning Road,OH,Ohio,22712
Lori,Moreno,780 Maple Plaza,OH,Ohio,80492
John,Gonzalez,7 Cherokee Place,CA,California,69054
Phillip,Ross,5367 Pleasure Way,IN,Indiana,27398
Kimberly,Baker,78 Aberg Junction,AL,Alabama,10693
Rose,Russell,2275 Morrow Terrace,OK,Oklahoma,33130
Norma,Wright,7427 Larry Parkway,WV,West Virginia,16335
Timothy,Simmons,15529 Maywood Park,OH,Ohio,23403
Scott,Gomez,33 Jay Court,GA,Georgia,11755
Heather,Ramos,3309 Northwestern Center,AL,Alabama,50292
Catherine,Cox,31135 Bluejay Lane,TX,Texas,93928
Martha,Watkins,12 American Ash Crossing,PA,Pennsylvania,15440
Russell,Oliver,13 Saint Paul Hill,TX,Texas,36144
David,Elliott,9 Grim Lane,UT,Utah,28228
Marilyn,Gilbert,46 School Court,CA,California,86697
Roy,Cruz,40 Mariners Cove Pass,LA,Louisiana,60583
Lillian,Alvarez,3 Loomis Hill,TX,Texas,71933
Paul,Kelly,45601 Cottonwood Street,LA,Louisiana,46983
Sara,Gutierrez,3213 Kings Terrace,PA,Pennsylvania,31085
Robert,Gordon,5 Manufacturers Place,TX,Texas,13145
Howard,Lynch,8 Sullivan Junction,MO,Missouri,41218
James,Parker,505 Colorado Pass,MI,Michigan,13485
Marie,Welch,798 Lakewood Gardens Avenue,OK,Oklahoma,46142
Kevin,Diaz,0 David Road,GA,Georgia,80672
John,Thompson,90834 Northridge Junction,WI,Wisconsin,50392
Tina,Robertson,73 Rusk Road,CA,California,61551
Rose,Pierce,522 Emmet Street,DC,District of Columbia,49752
Ernest,Morris,0527 Mendota Pass,TX,Texas,53210
Rebecca,Rose,238 Vera Street,CA,California,16182
Louis,Hughes,289 Blaine Point,TX,Texas,61598
William,Ruiz,525 Ruskin Plaza,IL,Illinois,50154
Janet,Young,7703 Everett Terrace,TX,Texas,30320
Jennifer,Cooper,5 Mayer Trail,CA,California,34918
Patricia,Jordan,4456 Del Mar Park,NY,New York,57615
Bruce,Schmidt,05 Cordelia Parkway,OH,Ohio,90429
Brandon,Hansen,935 Melrose Court,MI,Michigan,65357
Martha,Patterson,29796 Mccormick Alley,MA,Massachusetts,84859
Helen,Thompson,36118 Bonner Lane,VA,Virginia,35126
Susan,Hunt,69 Fremont Circle,MO,Missouri,78536
Rose,Martinez,9674 Dapin Junction,CA,California,24809
Brandon,Franklin,17992 Pierstorff Plaza,CA,California,21511
Nancy,Berry,65 Texas Center,MT,Montana,28429
Dennis,Weaver,6707 La Follette Plaza,MD,Maryland,42093
Betty,Morrison,7016 Village Pass,NY,New York,23191
Denise,Morrison,8 Basil Place,NY,New York,50782
Julie,Day,828 Kennedy Junction,NY,New York,36192
Adam,Fisher,1 Morningstar Lane,CO,Colorado,75526
Angela,Lawson,78029 Northfield Avenue,GA,Georgia,23459
Ashley,Simpson,5946 Shopko Crossing,CT,Connecticut,98903
Harry,Washington,4789 Hanover Junction,LA,Louisiana,81971
Patricia,Ray,19860 Vernon Park,TX,Texas,94778
Randy,Little,03565 Hovde Trail,MD,Maryland,16429
Daniel,Lewis,800 Crowley Drive,CA,California,90167
Virginia,Garza,72605 Russell Terrace,TX,Texas,37310
Steven,Perez,35 Aberg Hill,DC,District of Columbia,38144
Susan,Lopez,1 Vermont Terrace,TX,Texas,56904
Marilyn,Hayes,342 Macpherson Road,PA,Pennsylvania,90710
Christine,Ryan,4 Graedel Center,WA,Washington,66223
Eugene,Williams,4 Hermina Park,IA,Iowa,87071
Cynthia,Lee,7912 Quincy Pass,CA,California,75883
Maria,Burke,8613 Maple Wood Park,TX,Texas,63485
Randy,Tucker,96721 Homewood Junction,VA,Virginia,67643
Sharon,Wright,7 Tony Circle,AZ,Arizona,47046
Billy,Oliver,8948 International Point,OH,Ohio,79240
Stephanie,Schmidt,0697 Mandrake Place,PA,Pennsylvania,15322
Phyllis,Stanley,47352 Shasta Plaza,TX,Texas,34253
David,Watkins,8528 Clyde Gallagher Point,PA,Pennsylvania,70765
James,Romero,8472 Ilene Court,AK,Alaska,60488
Lisa,Cunningham,2 Warner Court,CA,California,28937
Jacqueline,Montgomery,91 Gerald Plaza,FL,Florida,35281
Stephanie,Graham,25226 Thackeray Terrace,NY,New York,57792
Henry,Carter,3865 Huxley Pass,TX,Texas,50119
Jose,Peterson,7776 Schurz Way,NC,North Carolina,31807
Samuel,Brown,1 Prairie Rose Center,MA,Massachusetts,27904
Patricia,Gilbert,4796 Division Trail,HI,Hawaii,88459
Billy,Wallace,56594 Mayer Plaza,CA,California,50547
Julie,Mcdonald,7669 Nancy Lane,CA,California,65967
Harry,Carpenter,623 4th Street,CA,California,64477
Diane,Morales,702 Chive Junction,FL,Florida,21779
Amy,Gray,79 Center Park,AZ,Arizona,37229
Nicholas,Bradley,015 Sullivan Avenue,CA,California,90838
Fred,Morrison,38259 Northland Drive,CO,Colorado,57819
Gerald,Hunter,02 Sutteridge Way,AR,Arkansas,13335
Christopher,Stewart,716 Eliot Plaza,LA,Louisiana,17893
Heather,Nguyen,1 Erie Court,CA,California,34778
Louis,Jones,140 Valley Edge Hill,MN,Minnesota,69879
Thomas,Howard,62960 Cordelia Place,VA,Virginia,33970
Frank,Hudson,46 Manitowish Junction,FL,Florida,71464
Carolyn,Taylor,655 Bluestem Court,TX,Texas,38527
Steve,Lopez,89525 Melody Terrace,TX,Texas,32696
Billy,Rose,1 Bellgrove Pass,TX,Texas,41487
Melissa,Moreno,441 Gulseth Crossing,KS,Kansas,90695
Mary,Thompson,8 Del Sol Parkway,DC,District of Columbia,85636
Timothy,Reynolds,5892 Kenwood Center,AZ,Arizona,75365
Phillip,Knight,378 Westerfield Alley,NV,Nevada,79733
Bruce,Fowler,349 Clove Hill,OH,Ohio,32344
Todd,Murray,1601 Eliot Street,AZ,Arizona,58064
Theresa,Gordon,0527 Sloan Circle,OK,Oklahoma,11961
Tammy,Harris,91691 Warner Terrace,IL,Illinois,85260
Michael,Jackson,69200 Homewood Street,MI,Michigan,47008
Christine,Hanson,1611 Butternut Court,MO,Missouri,72397
Carolyn,Mitchell,855 Everett Junction,CO,Colorado,30324
Judith,Gardner,0 Duke Court,TN,Tennessee,91844
Betty,Dean,3765 Packers Drive,MA,Massachusetts,68962
Barbara,Arnold,3 Pearson Park,OR,Oregon,74971
Gloria,Watkins,3605 Farwell Circle,MO,Missouri,73183
Helen,Crawford,64 Del Mar Plaza,FL,Florida,20401
Janet,Marshall,01390 Scofield Parkway,MO,Missouri,70493
Anne,Taylor,0755 Orin Point,TX,Texas,41048
Andrew,Stone,1811 Sutteridge Plaza,MS,Mississippi,45460
Charles,Morrison,95 Superior Alley,CA,California,46656
Lisa,Welch,50 Fallview Lane,NC,North Carolina,90842
Rose,Taylor,6720 Dapin Drive,MO,Missouri,48799
Antonio,Harris,88 Grayhawk Street,NC,North Carolina,48476
Terry,Turner,014 Di Loreto Avenue,MI,Michigan,75321
Irene,Bryant,4582 Drewry Place,NM,New Mexico,46583
