status,payee,nickname,payment_date,recurring_date,payment_amount
demand-driven,kpatterson0,jparker0,6/15/2016,4,Ruble
Polarised,aedwards1,jwhite1,9/27/2015,11,Ruble
attitude-oriented,ahernandez2,aruiz2,7/27/2016,11,Tugrik
logistical,nmills3,carnold3,2/28/2016,11,Yuan Renminbi
discrete,kpowell4,lcampbell4,3/5/2016,4,Dinar
middleware,jlawrence5,pwashington5,8/28/2016,6,Rupiah
Vision-oriented,hbrown6,nhansen6,12/10/2015,5,Ruble
Open-architected,pmartinez7,lrice7,7/25/2016,9,Yuan Renminbi
solution,jmurray8,dcooper8,12/2/2015,4,Dinar
Exclusive,tbarnes9,lmyers9,6/10/2016,4,Peso
access,ewilliamsona,mlewisa,8/20/2016,6,Yuan Renminbi
Vision-oriented,dperkinsb,kpowellb,7/23/2016,5,Euro
analyzer,daustinc,mgibsonc,1/9/2016,1,Rial
Ergonomic,gdixond,ncrawfordd,11/10/2015,5,Real
complexity,lgriffine,kscotte,8/5/2016,4,Yuan Renminbi
zero administration,aaustinf,gstonef,5/30/2016,7,Dinar
multi-state,wgriffing,jmontgomeryg,8/16/2016,7,Baht
benchmark,kruizh,lduncanh,3/24/2016,6,Ringgit
archive,jgreeni,rgonzalesi,9/16/2015,8,Shilling
explicit,jstevensj,tjacksonj,2/22/2016,8,Yuan Renminbi
functionalities,cedwardsk,astewartk,10/7/2015,5,Rupiah
zero administration,whudsonl,jmartinezl,10/13/2015,5,Baht
non-volatile,cwelchm,rhamiltonm,1/1/2016,5,Yuan Renminbi
Profound,mhartn,rwrightn,6/19/2016,9,Ruble
Synergized,hhanseno,kjacobso,7/21/2016,11,Krona
Switchable,asandersp,rrosep,9/27/2015,1,Rupiah
systemic,dmasonq,bcarrollq,2/26/2016,6,Ringgit
3rd generation,clynchr,dblackr,11/14/2015,1,Krona
knowledge user,rromeros,kolivers,5/2/2016,5,Zloty
foreground,dhudsont,dcollinst,6/25/2016,8,Rupee
Multi-lateral,acunninghamu,nlawrenceu,3/16/2016,12,Peso
hub,mfosterv,mkelleyv,6/29/2016,10,Dollar
asymmetric,rlanew,rstonew,3/25/2016,4,Rupiah
local area network,dolsonx,kdiazx,6/20/2016,8,Yuan Renminbi
Multi-tiered,jrobertsy,rolsony,10/27/2015,1,Krona
optimizing,sfergusonz,gwellsz,6/27/2016,3,Krona
installation,dpayne10,swells10,1/10/2016,11,Lempira
value-added,dporter11,llopez11,9/25/2015,1,Franc
neutral,jdean12,ksimpson12,6/28/2016,4,Zloty
Re-engineered,jdaniels13,ewhite13,11/6/2015,10,Euro
Ergonomic,eromero14,fparker14,12/22/2015,7,Krona
Organic,lfowler15,jwatkins15,5/1/2016,5,Yuan Renminbi
analyzing,dclark16,maustin16,3/16/2016,5,Yuan Renminbi
firmware,gkennedy17,djones17,10/6/2015,9,Rupiah
user-facing,lmontgomery18,dfranklin18,2/5/2016,11,Rupee
reciprocal,ryoung19,ameyer19,1/11/2016,4,Rial
3rd generation,ebrooks1a,jpeters1a,8/25/2016,4,Real
Inverse,wlewis1b,aday1b,10/26/2015,12,Krona
productivity,cturner1c,bryan1c,8/14/2016,2,Rupiah
Profound,farnold1d,kfisher1d,11/1/2015,8,Yen
actuating,lblack1e,mrobertson1e,1/31/2016,5,Hryvnia
optimizing,hwagner1f,cpeterson1f,12/30/2015,2,Dollar
budgetary management,acarter1g,jhughes1g,8/10/2016,1,Yuan Renminbi
encompassing,jferguson1h,alawrence1h,12/3/2015,2,Real
clear-thinking,callen1i,dgrant1i,5/6/2016,12,Shilling
budgetary management,eholmes1j,lfernandez1j,12/25/2015,3,Rupiah
productivity,acarr1k,jday1k,7/18/2016,10,Peso
website,fdean1l,sdavis1l,1/19/2016,5,Yuan Renminbi
Vision-oriented,msanchez1m,rmiller1m,10/26/2015,1,Yuan Renminbi
Phased,dhayes1n,kevans1n,8/19/2016,10,Rupiah
structure,afuller1o,jhart1o,9/25/2015,4,Euro
exuding,gferguson1p,malvarez1p,4/16/2016,6,Yuan Renminbi
architecture,tgreen1q,pandrews1q,9/23/2015,12,Peso
methodology,nwood1r,srichardson1r,9/3/2016,7,Euro
tertiary,dharrison1s,soliver1s,3/19/2016,7,Peso
regional,hcruz1t,ccollins1t,6/30/2016,9,Euro
mobile,rsnyder1u,nmartinez1u,3/11/2016,7,Cordoba
system-worthy,dwells1v,swalker1v,1/6/2016,6,Krona
Switchable,llarson1w,dmedina1w,7/23/2016,8,Yuan Renminbi
object-oriented,acollins1x,jramos1x,4/7/2016,4,Yuan Renminbi
installation,ahenry1y,jgarza1y,4/18/2016,12,Yuan Renminbi
moratorium,dpowell1z,tmurphy1z,4/2/2016,10,Rupiah
object-oriented,eellis20,rnelson20,11/18/2015,10,Lempira
Graphic Interface,lallen21,ajacobs21,4/13/2016,9,Krone
Cross-platform,ghudson22,eford22,9/23/2015,10,Franc
bottom-line,hjacobs23,sgraham23,9/17/2015,7,Euro
Right-sized,ahughes24,gporter24,11/26/2015,4,Peso
demand-driven,mburke25,hwebb25,9/27/2015,2,Quetzal
6th generation,rlopez26,nmorgan26,8/11/2016,4,Euro
5th generation,sjenkins27,jreid27,11/30/2015,6,Peso
infrastructure,kstewart28,clawrence28,2/9/2016,8,Real
collaboration,cevans29,tcole29,11/25/2015,6,Dollar
heuristic,lmedina2a,jcole2a,6/20/2016,12,Afghani
database,cfuller2b,dmills2b,1/4/2016,7,Baht
eco-centric,cfoster2c,dmeyer2c,5/28/2016,9,Yuan Renminbi
Team-oriented,phawkins2d,mdean2d,8/1/2016,11,Rupiah
systematic,lolson2e,tjames2e,7/28/2016,11,Euro
solution,kdean2f,csanders2f,2/10/2016,8,Kyat
Profit-focused,mwells2g,kwatkins2g,12/3/2015,9,Rupiah
Down-sized,rwelch2h,bmorris2h,3/3/2016,6,Peso
web-enabled,kshaw2i,mdaniels2i,5/31/2016,8,Yuan Renminbi
productivity,harmstrong2j,jmiller2j,2/17/2016,8,Krona
neural-net,eharris2k,cmason2k,3/6/2016,4,Zloty
Centralized,jgibson2l,mhoward2l,3/24/2016,11,Rial
product,jlong2m,ktorres2m,5/20/2016,5,Kuna
Automated,dsimmons2n,ccole2n,3/9/2016,6,Dollar
Ameliorated,mmurray2o,jholmes2o,6/13/2016,9,Peso
foreground,areed2p,jgardner2p,11/13/2015,1,Yuan Renminbi
disintermediate,dfowler2q,dbryant2q,1/18/2016,4,Leone
firmware,mjordan2r,tlynch2r,8/30/2016,4,Afghani
high-level,rmcdonald2s,wwood2s,6/3/2016,11,Dinar
Implemented,kromero2t,dadams2t,1/3/2016,10,Franc
motivating,druiz2u,dday2u,6/14/2016,3,Yuan Renminbi
hierarchy,jfranklin2v,awoods2v,5/8/2016,9,Rupiah
multi-state,aandrews2w,mking2w,5/24/2016,4,Rupiah
grid-enabled,rbell2x,jrice2x,11/24/2015,7,Baht
next generation,mandrews2y,egomez2y,3/24/2016,3,Kuna
Graphic Interface,lrice2z,hmills2z,2/13/2016,3,Rupiah
productivity,rwood30,nfox30,1/26/2016,10,Dollar
hub,jpeterson31,rwallace31,1/19/2016,5,Dollar
encryption,rcarr32,hmyers32,7/23/2016,7,Peso
leverage,jdiaz33,bmontgomery33,10/29/2015,7,Real
definition,plane34,sfrazier34,5/26/2016,8,Rupiah
Devolved,jhunter35,scarr35,7/23/2016,10,Krona
bandwidth-monitored,mromero36,mmiller36,5/21/2016,9,Rupiah
homogeneous,tmurray37,twillis37,10/2/2015,9,Ruble
synergy,cwood38,jholmes38,2/17/2016,1,Yuan Renminbi
software,rhowell39,lwilson39,8/31/2016,1,Peso
synergy,pberry3a,galvarez3a,4/22/2016,9,Baht
website,amorris3b,mnichols3b,4/5/2016,2,Euro
Self-enabling,rmorgan3c,rbryant3c,3/9/2016,8,Rupee
Switchable,rmeyer3d,ngilbert3d,11/25/2015,7,Krona
uniform,cmorales3e,jellis3e,9/25/2015,6,Euro
explicit,pcarroll3f,agriffin3f,4/1/2016,8,Yuan Renminbi
Graphic Interface,dreid3g,lvasquez3g,11/1/2015,1,Yuan Renminbi
client-server,rmorgan3h,jwatson3h,1/10/2016,7,Yuan Renminbi
leading edge,lpatterson3i,cbutler3i,6/29/2016,11,Yuan Renminbi
access,bthompson3j,chicks3j,10/14/2015,2,Ruble
open architecture,dwells3k,jdaniels3k,4/3/2016,9,Tenge
neural-net,mrussell3l,jrichardson3l,1/11/2016,6,Rial
Expanded,rnichols3m,jstanley3m,6/12/2016,11,Rupiah
optimal,aramos3n,cwhite3n,8/11/2016,2,Baht
success,eramirez3o,rcox3o,9/9/2016,12,Ruble
Monitored,jreynolds3p,jjohnston3p,11/17/2015,4,Ruble
systematic,jstone3q,ajames3q,4/23/2016,11,Dollar
hybrid,ggilbert3r,rrose3r,10/8/2015,1,Ruble
Implemented,lpierce3s,fweaver3s,3/2/2016,2,Dollar
Ergonomic,jfields3t,jbrown3t,12/5/2015,7,Krona
challenge,agriffin3u,dlewis3u,2/2/2016,10,Euro
paradigm,pmedina3v,rcoleman3v,10/17/2015,8,Dirham
Front-line,lknight3w,tmontgomery3w,7/28/2016,7,Franc
3rd generation,cramos3x,gstevens3x,12/3/2015,8,Ruble
Intuitive,jharrison3y,jlawson3y,7/15/2016,11,Dinar
Object-based,bray3z,khunt3z,8/11/2016,4,Koruna
zero defect,hperry40,csullivan40,2/9/2016,4,Taka
groupware,pharris41,hgreen41,3/18/2016,7,Ruble
Reduced,bross42,dalvarez42,9/16/2015,6,Won
standardization,rlane43,slee43,12/15/2015,5,Rupiah
artificial intelligence,mferguson44,jkelley44,9/10/2015,10,Baht
firmware,kgrant45,jking45,10/20/2015,7,Peso
Synergistic,ewhite46,rgibson46,8/18/2016,11,Peso
capability,solson47,lbennett47,2/27/2016,8,Peso
pricing structure,cthomas48,gnelson48,9/14/2015,3,Taka
radical,abishop49,ebaker49,6/22/2016,6,Lev
homogeneous,rcarroll4a,mfuller4a,11/25/2015,12,Yen
asymmetric,cmatthews4b,melliott4b,6/2/2016,12,Krone
Adaptive,blewis4c,idiaz4c,7/22/2016,3,Baht
client-server,esullivan4d,mbarnes4d,11/9/2015,2,Euro
encompassing,creid4e,kscott4e,5/19/2016,1,Krona
Extended,sross4f,sross4f,8/2/2016,3,Koruna
migration,vknight4g,dpowell4g,9/11/2015,8,Rupiah
Organic,erichardson4h,wcarr4h,5/7/2016,1,Euro
Public-key,ecruz4i,rmorgan4i,3/26/2016,3,Euro
flexibility,jgriffin4j,wwallace4j,8/29/2016,3,Dollar
parallelism,wtorres4k,shill4k,5/6/2016,7,Real
3rd generation,agraham4l,kschmidt4l,9/26/2015,5,Yen
client-server,jdavis4m,dwhite4m,9/13/2015,3,Dollar
website,jwoods4n,jwhite4n,12/29/2015,12,Yuan Renminbi
global,hreyes4o,jhayes4o,4/11/2016,6,Euro
Up-sized,sberry4p,slong4p,10/6/2015,4,Yuan Renminbi
well-modulated,dmoreno4q,djenkins4q,6/14/2016,7,Yuan Renminbi
intranet,ccarr4r,mmeyer4r,3/8/2016,10,Euro
intermediate,ephillips4s,rvasquez4s,2/19/2016,5,Yuan Renminbi
installation,rstanley4t,jaustin4t,1/11/2016,2,Dollar
system engine,hgreene4u,cwoods4u,9/26/2015,3,Peso
frame,calvarez4v,amatthews4v,4/15/2016,2,Yuan Renminbi
Profit-focused,blittle4w,lharper4w,5/5/2016,2,Pound
project,ljordan4x,ngriffin4x,3/22/2016,11,Ruble
Visionary,iburns4y,bromero4y,5/25/2016,3,Euro
Proactive,treid4z,sgreene4z,4/1/2016,4,Euro
background,crogers50,jfox50,7/7/2016,2,Dollar
product,ayoung51,jgreen51,3/16/2016,7,Rupiah
disintermediate,cgordon52,svasquez52,2/17/2016,10,Rial
Realigned,tcruz53,rreyes53,9/29/2015,4,Real
Upgradable,kmoreno54,swatkins54,7/2/2016,8,Yuan Renminbi
extranet,jryan55,iday55,3/5/2016,12,Euro
tangible,jholmes56,crobinson56,12/9/2015,8,Peso
Enterprise-wide,cmorrison57,aperkins57,1/25/2016,6,Real
methodology,redwards58,wwillis58,5/4/2016,9,Franc
workforce,iowens59,jperkins59,6/22/2016,5,Ruble
monitoring,sharrison5a,eford5a,1/26/2016,4,Rupiah
explicit,tbowman5b,jgriffin5b,8/23/2016,7,Euro
Cross-platform,jwatson5c,lthompson5c,4/14/2016,3,Lempira
6th generation,lcarpenter5d,rhunter5d,8/8/2016,11,Euro
productivity,jwilliamson5e,tellis5e,4/20/2016,5,Rupiah
Organic,jphillips5f,mdean5f,3/26/2016,4,Ruble
Stand-alone,slewis5g,chall5g,1/31/2016,2,Litas
demand-driven,talexander5h,hharris5h,8/5/2016,6,Yuan Renminbi
budgetary management,bbryant5i,lpayne5i,1/25/2016,11,Ruble
portal,bthomas5j,lmatthews5j,6/3/2016,10,Afghani
modular,cmyers5k,mgarrett5k,10/24/2015,6,Euro
Reduced,cweaver5l,jalvarez5l,2/6/2016,6,Shilling
fresh-thinking,swoods5m,jfreeman5m,3/26/2016,4,Rand
Centralized,lhayes5n,tcoleman5n,8/28/2016,9,Kuna
value-added,kmason5o,pjohnson5o,5/4/2016,9,Yuan Renminbi
uniform,rcollins5p,hfields5p,3/31/2016,3,Zloty
Graphical User Interface,sford5q,sgeorge5q,9/19/2015,7,Koruna
Realigned,kmyers5r,dgilbert5r,6/24/2016,3,Birr
Innovative,bspencer5s,wruiz5s,6/27/2016,9,Yuan Renminbi
scalable,spierce5t,dalexander5t,2/17/2016,7,Lempira
productivity,agibson5u,hcook5u,1/21/2016,5,Krona
human-resource,rfranklin5v,bstanley5v,6/11/2016,4,Euro
adapter,hrogers5w,kjohnston5w,5/19/2016,3,Leone
instruction set,bnichols5x,clynch5x,9/17/2015,11,Euro
model,lsims5y,dmills5y,1/12/2016,3,Peso
high-level,tgray5z,dreid5z,10/25/2015,5,Yuan Renminbi
protocol,jjacobs60,darnold60,11/3/2015,4,Peso
non-volatile,ataylor61,sdavis61,2/14/2016,1,Rupiah
4th generation,ahawkins62,wmcdonald62,3/26/2016,7,Zloty
instruction set,dwilson63,dbanks63,2/10/2016,6,Rupiah
Progressive,bburke64,emoore64,11/30/2015,2,Yuan Renminbi
collaboration,lrogers65,mortiz65,5/25/2016,6,Hryvnia
modular,doliver66,awalker66,3/6/2016,12,Koruna
hardware,mkelly67,tgomez67,11/26/2015,3,Afghani
hub,cpayne68,mfowler68,6/12/2016,11,Krone
24/7,ajames69,wweaver69,7/17/2016,11,Koruna
success,sholmes6a,arivera6a,2/14/2016,2,Euro
emulation,pmurray6b,lclark6b,6/9/2016,7,Krona
User-centric,pwood6c,jwright6c,5/13/2016,9,Euro
user-facing,jramirez6d,asnyder6d,6/6/2016,10,Shilling
Team-oriented,awagner6e,jreyes6e,12/18/2015,7,Ruble
throughput,rthomas6f,amcdonald6f,1/26/2016,10,Zloty
bifurcated,lberry6g,gturner6g,7/24/2016,3,Zloty
high-level,jgreene6h,priley6h,9/29/2015,10,Ruble
context-sensitive,mdixon6i,dcollins6i,10/12/2015,8,Euro
instruction set,chernandez6j,jgriffin6j,11/12/2015,1,Koruna
Open-architected,tbradley6k,smendoza6k,6/11/2016,2,Rial
Multi-lateral,jcox6l,hcarroll6l,5/17/2016,10,Euro
web-enabled,tsimpson6m,jwright6m,4/29/2016,8,Euro
local,kpalmer6n,hcruz6n,8/1/2016,8,Rupiah
methodical,mbanks6o,jrussell6o,6/3/2016,5,Rupiah
multimedia,bcole6p,jray6p,11/12/2015,10,Euro
ability,eweaver6q,mfuller6q,1/19/2016,2,Shekel
Diverse,chernandez6r,tcole6r,6/29/2016,7,Yuan Renminbi
initiative,brobinson6s,shall6s,11/19/2015,5,Peso
knowledge user,inelson6t,mdixon6t,9/18/2015,4,Yuan Renminbi
analyzer,bfowler6u,mryan6u,3/6/2016,7,Dollar
Down-sized,cmendoza6v,dbell6v,12/21/2015,9,Euro
projection,pferguson6w,shansen6w,7/5/2016,1,Dinar
value-added,lcarroll6x,pgriffin6x,10/8/2015,9,Ruble
task-force,amartinez6y,jfisher6y,2/5/2016,11,Yuan Renminbi
object-oriented,rlawrence6z,acampbell6z,4/28/2016,11,Rupiah
knowledge user,jwest70,emedina70,1/20/2016,1,Yuan Renminbi
secondary,jmurray71,koliver71,2/9/2016,9,Rupiah
modular,agardner72,jbaker72,12/28/2015,2,Krona
didactic,tfrazier73,cmcdonald73,10/8/2015,5,Euro
function,rchavez74,mpowell74,12/31/2015,6,Peso
matrices,dbowman75,wward75,9/13/2015,1,Shekel
6th generation,cschmidt76,abowman76,3/12/2016,1,Rupee
time-frame,kchavez77,tadams77,6/20/2016,3,Krona
extranet,tgardner78,friley78,11/25/2015,9,Forint
task-force,rsims79,mknight79,11/29/2015,10,Euro
Mandatory,emedina7a,rtaylor7a,7/21/2016,7,Euro
task-force,swright7b,gadams7b,3/20/2016,2,Rupiah
solution-oriented,tbutler7c,arussell7c,1/9/2016,2,Yuan Renminbi
migration,rellis7d,amontgomery7d,4/4/2016,12,Ruble
archive,dgreene7e,kwright7e,4/16/2016,4,Lek
success,shawkins7f,egomez7f,1/31/2016,12,Euro
Grass-roots,hstewart7g,pray7g,2/16/2016,8,Peso
framework,jgraham7h,rowens7h,8/22/2016,1,Ruble
Persevering,akelley7i,jbarnes7i,7/2/2016,5,Sol
well-modulated,jrogers7j,rjames7j,11/5/2015,10,Rupiah
context-sensitive,pgutierrez7k,shanson7k,5/24/2016,8,Rupiah
Upgradable,wharris7l,pcarpenter7l,7/5/2016,3,Marka
intranet,jharris7m,frose7m,7/17/2016,6,Yuan Renminbi
empowering,lgutierrez7n,cwallace7n,9/16/2015,11,Rupiah
zero defect,vspencer7o,jflores7o,9/21/2015,7,Naira
Pre-emptive,jwatson7p,kperez7p,6/23/2016,8,Krona
optimizing,dwillis7q,jmills7q,7/20/2016,1,Yuan Renminbi
Adaptive,hhansen7r,rarnold7r,9/10/2015,11,Yuan Renminbi
Visionary,holiver7s,lbarnes7s,8/13/2016,7,Euro
zero defect,hhill7t,eburke7t,4/8/2016,2,Franc
hybrid,gking7u,rwebb7u,1/18/2016,6,Peso
3rd generation,mdean7v,wolson7v,6/27/2016,6,Euro
Customizable,jfields7w,rscott7w,3/5/2016,3,Ruble
Innovative,aoliver7x,eharvey7x,3/13/2016,1,Yuan Renminbi
optimal,ameyer7y,rhudson7y,12/23/2015,6,Dollar
high-level,wlarson7z,pgilbert7z,10/3/2015,7,Euro
forecast,mwells80,rcrawford80,3/30/2016,9,Yuan Renminbi
Profit-focused,emorgan81,wmorrison81,6/22/2016,6,Yuan Renminbi
regional,phansen82,lmiller82,3/27/2016,2,Yuan Renminbi
superstructure,briley83,bwest83,9/11/2015,4,Ruble
uniform,rrichards84,jgray84,2/14/2016,9,Euro
array,bvasquez85,awatson85,3/5/2016,7,Rupiah
Total,jsmith86,mmendoza86,8/28/2016,11,Yuan Renminbi
product,jpeters87,sbaker87,12/25/2015,3,Bolivar
product,delliott88,amendoza88,4/7/2016,9,Peso
contingency,rjordan89,mking89,12/28/2015,6,Yuan Renminbi
6th generation,spowell8a,trice8a,10/9/2015,9,Rupiah
exuding,lstevens8b,epatterson8b,8/16/2016,12,Hryvnia
Mandatory,acunningham8c,gbrown8c,3/5/2016,3,Ringgit
collaboration,jmontgomery8d,cthomas8d,8/31/2016,1,Rupiah
Expanded,sreed8e,cporter8e,9/9/2016,3,Dirham
artificial intelligence,hhart8f,agardner8f,3/11/2016,7,Yuan Renminbi
zero defect,rsullivan8g,jrobertson8g,8/30/2016,12,Lek
structure,gpalmer8h,bgibson8h,11/2/2015,11,Balboa
mobile,lhanson8i,malvarez8i,10/24/2015,12,Yuan Renminbi
extranet,srichardson8j,slewis8j,3/29/2016,1,Krona
Ameliorated,jsimmons8k,rfranklin8k,4/29/2016,1,Yuan Renminbi
full-range,agarcia8l,plong8l,10/21/2015,10,Dollar
internet solution,amoore8m,jadams8m,10/21/2015,4,Dollar
Exclusive,halexander8n,iwoods8n,8/22/2016,9,Tenge
Assimilated,egraham8o,rwatkins8o,10/13/2015,10,Peso
Synergistic,jmccoy8p,rdunn8p,2/18/2016,4,Pound
Reduced,mcampbell8q,bhansen8q,7/30/2016,2,Shilling
local,dking8r,ahowell8r,7/20/2016,12,Balboa
Horizontal,rcunningham8s,tross8s,8/9/2016,4,Yuan Renminbi
Operative,bfisher8t,ggriffin8t,4/23/2016,8,Peso
demand-driven,awells8u,rburton8u,6/8/2016,1,Dollar
middleware,bbutler8v,mreed8v,3/3/2016,8,Zloty
contextually-based,tkelly8w,estephens8w,5/26/2016,2,Euro
budgetary management,whart8x,aknight8x,3/2/2016,5,Ruble
Open-architected,bbarnes8y,pbanks8y,9/20/2015,4,Peso
Inverse,jcarroll8z,cadams8z,3/17/2016,2,Yuan Renminbi
heuristic,cgrant90,jhowell90,6/30/2016,6,Hryvnia
upward-trending,rmeyer91,hrichardson91,9/7/2016,11,Zloty
toolset,sgonzalez92,nlopez92,11/20/2015,6,Peso
website,kgarrett93,asimmons93,12/23/2015,11,Yuan Renminbi
Open-architected,eharrison94,rsims94,5/27/2016,11,Krona
Multi-channelled,ntorres95,csanders95,6/30/2016,7,Peso
Persistent,lsimmons96,pjones96,7/29/2016,1,Shilling
exuding,pwagner97,sharper97,9/13/2015,10,Shilling
time-frame,jfranklin98,drobinson98,12/18/2015,6,Euro
incremental,awelch99,rsanchez99,10/1/2015,3,Yuan Renminbi
bottom-line,lweaver9a,msmith9a,1/31/2016,5,Rial
software,kmyers9b,dmitchell9b,4/7/2016,2,Rupiah
workforce,afoster9c,gsimpson9c,10/8/2015,5,Yuan Renminbi
Down-sized,jkelley9d,bramirez9d,4/26/2016,2,Euro
well-modulated,nramos9e,bdixon9e,11/4/2015,5,Hryvnia
leading edge,hmorris9f,cromero9f,5/5/2016,11,Yuan Renminbi
Synergistic,bwhite9g,rford9g,6/18/2016,12,Dollar
Universal,apalmer9h,cspencer9h,12/28/2015,5,Yuan Renminbi
budgetary management,twilliamson9i,scollins9i,3/9/2016,7,Dollar
Balanced,ltorres9j,agarcia9j,9/29/2015,1,Rial
homogeneous,ndunn9k,prussell9k,3/17/2016,11,Yuan Renminbi
instruction set,ksanders9l,bmurphy9l,6/15/2016,1,Euro
stable,mmurphy9m,mgonzalez9m,10/2/2015,3,Euro
hardware,ecarter9n,tdunn9n,2/16/2016,1,Peso
5th generation,jlawson9o,jrose9o,4/5/2016,10,Dollar
leading edge,cdavis9p,eharris9p,5/20/2016,2,Yuan Renminbi
utilisation,cking9q,malvarez9q,4/24/2016,5,Ruble
knowledge user,jmills9r,kedwards9r,3/26/2016,10,Ariary
function,aowens9s,lthompson9s,6/22/2016,6,Yuan Renminbi
Function-based,rowens9t,jromero9t,3/16/2016,10,Hryvnia
database,jcarter9u,kwells9u,11/22/2015,2,Tugrik
groupware,randrews9v,jmills9v,4/27/2016,4,Koruna
Monitored,sgutierrez9w,asims9w,5/20/2016,11,Real
service-desk,jalexander9x,fkennedy9x,10/2/2015,9,Zloty
transitional,mray9y,pfox9y,3/15/2016,2,Zloty
hybrid,hroberts9z,gryan9z,4/7/2016,3,Dinar
Monitored,bsandersa0,wwilliamsa0,1/29/2016,1,Yuan Renminbi
real-time,dcrawforda1,sadamsa1,11/20/2015,3,Zloty
6th generation,rraya2,amoorea2,7/28/2016,9,Rand
budgetary management,jlewisa3,gknighta3,7/17/2016,12,Yuan Renminbi
forecast,mpaynea4,jbarnesa4,11/10/2015,2,Naira
holistic,gwebba5,rhansona5,8/13/2016,8,Yen
encryption,swashingtona6,bramireza6,5/25/2016,4,Zloty
Enhanced,earmstronga7,dwillisa7,9/22/2015,7,Real
local,ecartera8,dhilla8,11/4/2015,2,Ruble
Automated,mrileya9,epricea9,10/19/2015,11,Peso
Persevering,emendozaaa,thawkinsaa,8/27/2016,7,Yuan Renminbi
Assimilated,elopezab,jhuntab,3/29/2016,7,Yuan Renminbi
success,dmorganac,kwrightac,7/8/2016,2,Rupiah
Visionary,phansonad,rwardad,10/5/2015,6,Peso
fresh-thinking,scollinsae,mleeae,8/29/2016,5,Yuan Renminbi
strategy,jlewisaf,clongaf,11/16/2015,10,Real
Adaptive,jholmesag,wriceag,9/2/2016,6,Ruble
Public-key,jdavisah,phawkinsah,10/27/2015,3,Bolivar
artificial intelligence,avasquezai,bwhiteai,10/29/2015,2,Real
Focused,molsonaj,jcolemanaj,12/7/2015,2,Euro
solution,atuckerak,jmasonak,8/2/2016,8,Real
systemic,shudsonal,jreedal,1/24/2016,5,Rupiah
frame,tkennedyam,ljamesam,2/13/2016,9,Dollar
local area network,pwellsan,ehartan,4/1/2016,12,Rupiah
object-oriented,lturnerao,ahicksao,6/30/2016,4,Yuan Renminbi
multimedia,rlewisap,pwilsonap,4/7/2016,9,Euro
structure,mrodriguezaq,hdiazaq,11/1/2015,11,Rupiah
system-worthy,cdayar,bgutierrezar,1/31/2016,8,Peso
tertiary,agardneras,charperas,7/30/2016,4,Rupiah
local area network,awrightat,ahayesat,5/1/2016,12,Yuan Renminbi
hub,jdiazau,jandersonau,9/25/2015,7,Yuan Renminbi
Enhanced,jbradleyav,nfloresav,7/10/2016,1,Euro
function,abowmanaw,khughesaw,10/19/2015,4,Real
global,skellyax,mgrantax,3/8/2016,2,Yuan Renminbi
methodology,dwillisay,sdixonay,3/21/2016,7,Yuan Renminbi
intangible,pbellaz,agibsonaz,9/18/2015,7,Yuan Renminbi
Operative,mgonzalesb0,sgonzalezb0,5/30/2016,7,Yuan Renminbi
Vision-oriented,gchapmanb1,bkellyb1,4/29/2016,9,Rupiah
6th generation,gcrawfordb2,aharveyb2,7/13/2016,7,Marka
Future-proofed,dcarrb3,rmcdonaldb3,8/20/2016,7,Peso
attitude-oriented,mthomasb4,cweaverb4,3/1/2016,11,Ruble
systemic,staylorb5,jharrisonb5,8/6/2016,4,Rupee
utilisation,jmontgomeryb6,jvasquezb6,1/11/2016,12,Shekel
stable,nhernandezb7,nriverab7,11/1/2015,8,Sol
background,lbennettb8,nbakerb8,8/3/2016,1,Rupiah
zero defect,jmurrayb9,rjordanb9,10/30/2015,6,Shekel
bandwidth-monitored,wfrazierba,eallenba,5/24/2016,5,Dinar
hybrid,kowensbb,ealvarezbb,10/12/2015,10,Euro
array,dmendozabc,fgarzabc,8/31/2016,11,Rupiah
Sharable,amurraybd,tbowmanbd,10/13/2015,11,Yuan Renminbi
radical,khernandezbe,jbradleybe,2/14/2016,3,Yuan Renminbi
incremental,jcarterbf,rwatsonbf,11/20/2015,6,Tenge
disintermediate,kbanksbg,dhendersonbg,5/30/2016,10,Dollar
Front-line,celliottbh,cmitchellbh,12/7/2015,4,Rupee
Profound,gphillipsbi,lpetersonbi,12/29/2015,6,Zloty
methodical,jwalkerbj,bwestbj,5/8/2016,6,Yuan Renminbi
Public-key,sharrisonbk,ekimbk,5/1/2016,6,Euro
productivity,cbradleybl,bmoralesbl,5/14/2016,11,Franc
benchmark,tholmesbm,mdanielsbm,12/5/2015,3,Yuan Renminbi
intermediate,ecookbn,mcookbn,9/17/2015,7,Yuan Renminbi
synergy,krichardsbo,mhuntbo,2/23/2016,5,Tenge
Customer-focused,rhudsonbp,rrogersbp,2/9/2016,3,Naira
systemic,jmasonbq,dhawkinsbq,6/27/2016,10,Euro
project,bstephensbr,rrobertsbr,6/11/2016,9,Hryvnia
Secured,hreidbs,dboydbs,5/12/2016,7,Real
Intuitive,agomezbt,jperrybt,5/29/2016,3,Peso
open system,jperkinsbu,acruzbu,12/18/2015,5,Ruble
projection,syoungbv,dhunterbv,2/27/2016,5,Yuan Renminbi
optimizing,rjenkinsbw,asanchezbw,3/10/2016,9,Rupiah
superstructure,sfowlerbx,dhowardbx,2/1/2016,6,Real
hierarchy,chudsonby,chillby,5/5/2016,1,Euro
Diverse,afullerbz,bpalmerbz,9/5/2016,6,Yuan Renminbi
model,jperkinsc0,ngrahamc0,11/20/2015,2,Yuan Renminbi
leading edge,dknightc1,afrazierc1,3/28/2016,8,Boliviano
6th generation,ccooperc2,dwilliamsonc2,4/17/2016,4,Zloty
Reactive,kturnerc3,mcrawfordc3,6/19/2016,1,Ruble
Managed,jaustinc4,mwrightc4,4/1/2016,11,Yuan Renminbi
open architecture,sbryantc5,lperryc5,1/23/2016,7,Sol
Ergonomic,swagnerc6,jlawrencec6,9/22/2015,2,Peso
Cross-platform,thamiltonc7,mharrisc7,9/12/2015,1,Dollar
extranet,driverac8,jgutierrezc8,2/23/2016,8,Rupiah
upward-trending,gaustinc9,pmillsc9,3/20/2016,2,Yen
value-added,tolsonca,pknightca,4/16/2016,3,Baht
actuating,kbradleycb,pstonecb,9/29/2015,5,Ruble
full-range,rflorescc,bmarshallcc,6/24/2016,12,Yuan Renminbi
uniform,efranklincd,aportercd,10/21/2015,12,Rand
actuating,mgrahamce,sandrewsce,10/20/2015,10,Manat
multi-state,sfranklincf,dwheelercf,8/16/2016,5,Euro
Stand-alone,mkellycg,jburkecg,3/20/2016,2,Dirham
Balanced,psimsch,jmorganch,7/22/2016,8,Dollar
even-keeled,rortizci,ssullivanci,2/7/2016,3,Dollar
directional,jsanchezcj,kstewartcj,10/12/2015,9,Rupiah
algorithm,sgreeneck,rcarterck,11/30/2015,9,Euro
groupware,iwatsoncl,tmillercl,5/24/2016,3,Peso
analyzing,bfranklincm,cowenscm,4/20/2016,2,Yuan Renminbi
next generation,rhughescn,emillercn,3/1/2016,11,Real
Optimized,ahudsonco,jelliottco,6/14/2016,4,Shekel
Future-proofed,probertscp,abennettcp,8/28/2016,7,Won
adapter,kreidcq,kruizcq,12/25/2015,8,Naira
Monitored,jkellycr,hbishopcr,9/5/2016,6,Boliviano
discrete,ctuckercs,rjacobscs,5/19/2016,3,Real
portal,sgrayct,fmcdonaldct,7/1/2016,7,Yuan Renminbi
conglomeration,awelchcu,jclarkcu,7/7/2016,4,Euro
Progressive,ngordoncv,dleecv,3/21/2016,4,Rupiah
Triple-buffered,lkingcw,mhuntcw,1/7/2016,2,Koruna
Upgradable,abankscx,mcrawfordcx,5/29/2016,1,Zloty
real-time,rhernandezcy,halvarezcy,9/17/2015,2,Kuna
impactful,jlanecz,mweavercz,1/11/2016,2,Tenge
solution-oriented,druizd0,jgutierrezd0,11/24/2015,11,Afghani
logistical,dwardd1,pholmesd1,11/30/2015,4,Ruble
Distributed,jgomezd2,cnicholsd2,8/4/2016,3,Riels
customer loyalty,sperezd3,lpayned3,4/17/2016,12,Yuan Renminbi
Cross-group,cwhited4,jsimsd4,6/9/2016,3,Yuan Renminbi
Public-key,bgeorged5,ihendersond5,11/17/2015,7,Peso
time-frame,btuckerd6,nberryd6,10/31/2015,2,Ruble
Public-key,cjacksond7,phamiltond7,4/12/2016,8,Rupiah
function,nreyesd8,kfoxd8,2/18/2016,3,Ruble
Polarised,hfordd9,wellisd9,1/22/2016,2,Peso
Compatible,skennedyda,swilliamsonda,7/29/2016,4,Yen
Networked,kmcdonalddb,sowensdb,3/24/2016,6,Rupiah
Reverse-engineered,bstonedc,chansondc,7/27/2016,9,Lev
help-desk,rolsondd,cdeandd,6/4/2016,2,Euro
task-force,pellisde,bcruzde,4/2/2016,6,Real
Upgradable,lweaverdf,hlopezdf,7/5/2016,7,Shilling
hardware,talvarezdg,jmooredg,5/4/2016,6,Ruble
infrastructure,dstephensdh,bleedh,8/24/2016,7,Yuan Renminbi
Assimilated,lstanleydi,vdaydi,4/24/2016,10,Rupiah
fault-tolerant,jstanleydj,gsnyderdj,10/16/2015,9,Real
object-oriented,ahenrydk,ahunterdk,6/16/2016,10,Euro
success,jpetersondl,rryandl,11/8/2015,5,Rupiah
transitional,acolemandm,lsmithdm,12/29/2015,12,Yuan Renminbi
encompassing,rmooredn,cschmidtdn,12/15/2015,7,Euro
help-desk,lmitchelldo,slewisdo,5/7/2016,8,Dollar
Triple-buffered,jgreendp,jgraydp,3/19/2016,5,Yuan Renminbi
open system,wweaverdq,dsmithdq,4/19/2016,12,Shekel
open architecture,sjenkinsdr,mbaileydr,10/14/2015,5,Peso
secured line,hellisds,jhayesds,10/30/2015,11,Ruble
optimizing,mjenkinsdt,landersondt,8/8/2016,6,Tenge
Polarised,cperrydu,jcarpenterdu,7/8/2016,8,Zloty
Enterprise-wide,tcunninghamdv,rfisherdv,1/17/2016,3,Euro
system-worthy,srobertsdw,kmorgandw,4/10/2016,2,Rupiah
mission-critical,wmarshalldx,lmeyerdx,5/13/2016,2,Ruble
capability,gkennedydy,scastillody,12/15/2015,3,Rupiah
project,hburkedz,rcruzdz,7/4/2016,12,Lempira
dynamic,rclarke0,sellise0,12/20/2015,1,Yuan Renminbi
groupware,pgilberte1,ewalkere1,9/18/2015,12,Real
incremental,tmitchelle2,adixone2,3/11/2016,9,Yuan Renminbi
core,swagnere3,lfostere3,1/5/2016,6,Tugrik
algorithm,bcolee4,jarnolde4,8/27/2016,3,Yuan Renminbi
Synergized,sgrante5,earmstronge5,1/9/2016,2,Rupiah
functionalities,lpereze6,selliotte6,7/12/2016,2,Euro
capability,dbaileye7,jmorrisone7,6/16/2016,3,Dollar
Open-source,lperrye8,ehille8,3/26/2016,3,Dong
exuding,pgordone9,jmcdonalde9,9/22/2015,7,Euro
framework,nmasonea,jwashingtonea,11/7/2015,2,Rupiah
User-centric,bweavereb,jrusselleb,1/26/2016,9,Lempira
incremental,vwillisec,aellisec,6/23/2016,8,Dollar
portal,sdiazed,dwoodsed,3/24/2016,5,Shilling
Assimilated,bhuntee,tlawrenceee,9/16/2015,5,Dollar
Seamless,cschmidtef,ljenkinsef,3/22/2016,2,Shekel
actuating,dgranteg,jramirezeg,5/18/2016,1,Hryvnia
throughput,srobertsoneh,jgreeneeh,11/29/2015,11,Rupiah
optimal,pgarciaei,acoleei,2/10/2016,9,Yuan Renminbi
knowledge base,tsandersej,jkellyej,10/16/2015,5,Yuan Renminbi
secured line,rharperek,cspencerek,2/7/2016,12,Rupiah
data-warehouse,pmorganel,vschmidtel,6/1/2016,12,Euro
model,jmillsem,hmorganem,8/3/2016,7,Euro
focus group,sbennetten,tcarren,1/17/2016,11,Yuan Renminbi
Right-sized,smasoneo,hmorriseo,5/16/2016,6,Rupiah
zero defect,cnelsonep,kknightep,6/7/2016,1,Yuan Renminbi
Exclusive,rberryeq,lrichardsoneq,1/26/2016,10,Sol
Fundamental,nvasquezer,bmorrisoner,7/26/2016,6,Peso
Upgradable,kfrazieres,amilleres,3/2/2016,7,Dinar
Operative,redwardset,scrawfordet,6/19/2016,9,Rupiah
impactful,spriceeu,tmeyereu,11/12/2015,8,Dollar
encryption,nwebbev,ghunterev,10/21/2015,10,Colon
implementation,dgriffinew,mortizew,12/25/2015,9,Hryvnia
stable,jturnerex,afisherex,2/6/2016,4,Yuan Renminbi
Versatile,sreyesey,rbanksey,11/9/2015,9,Kuna
matrix,lrayez,bstoneez,11/19/2015,2,Yuan Renminbi
knowledge user,brileyf0,pdavisf0,5/23/2016,9,Peso
Organic,jdavisf1,jpalmerf1,5/19/2016,12,Peso
time-frame,slopezf2,shuntf2,10/25/2015,7,Yuan Renminbi
infrastructure,rhenryf3,twarrenf3,12/11/2015,10,Rupiah
Reduced,elawsonf4,abellf4,5/9/2016,3,Yuan Renminbi
moderator,whunterf5,ewoodf5,10/18/2015,11,Ruble
process improvement,jgonzalesf6,lfergusonf6,6/1/2016,3,Kwacha
Profit-focused,slongf7,pthomasf7,8/19/2016,7,Krona
process improvement,hdixonf8,sgrayf8,2/12/2016,10,Yuan Renminbi
methodology,akimf9,showellf9,3/13/2016,4,Manat
archive,jcarpenterfa,dsnyderfa,11/29/2015,1,Yuan Renminbi
Future-proofed,jramirezfb,plewisfb,10/16/2015,7,Yuan Renminbi
well-modulated,rlarsonfc,amarshallfc,9/15/2015,1,Birr
installation,llanefd,lsandersfd,10/7/2015,2,Yuan Renminbi
Business-focused,ekingfe,jthompsonfe,8/22/2016,6,Dram
hub,jhicksff,dlarsonff,12/17/2015,2,Peso
Multi-tiered,nandrewsfg,mrossfg,11/19/2015,3,Rupiah
maximized,fmartinfh,amedinafh,6/5/2016,10,Yuan Renminbi
core,druizfi,achavezfi,8/7/2016,9,Dollar
Proactive,ipalmerfj,dbennettfj,8/30/2016,3,Ruble
eco-centric,criverafk,rstevensfk,12/10/2015,11,Ruble
application,pbarnesfl,kbutlerfl,6/12/2016,2,Euro
Synergistic,bfisherfm,etaylorfm,3/11/2016,9,Shilling
context-sensitive,jnelsonfn,lmarshallfn,6/7/2016,10,Yuan Renminbi
maximized,kclarkfo,kmontgomeryfo,9/26/2015,8,Yuan Renminbi
capacity,ladamsfp,jbryantfp,11/17/2015,5,Afghani
Customizable,clongfq,jmyersfq,1/4/2016,5,Ruble
help-desk,sbaileyfr,gwatkinsfr,6/3/2016,6,Leu
3rd generation,tarmstrongfs,cmartinezfs,3/17/2016,2,Yuan Renminbi
optimal,fblackft,wblackft,9/27/2015,12,Yuan Renminbi
eco-centric,krobertsonfu,jlongfu,5/10/2016,4,Yuan Renminbi
budgetary management,kblackfv,jarnoldfv,2/25/2016,1,Yuan Renminbi
Cloned,asmithfw,eburnsfw,12/18/2015,10,Dollar
initiative,jburnsfx,khudsonfx,4/13/2016,6,Euro
incremental,cyoungfy,bmccoyfy,6/27/2016,4,Rupiah
utilisation,tjenkinsfz,lwrightfz,10/2/2015,6,Ruble
Balanced,hfowlerg0,mharrisong0,5/25/2016,7,Zloty
Universal,rchapmang1,jmillsg1,10/15/2015,1,Yuan Renminbi
model,rcastillog2,rgrahamg2,2/2/2016,9,Peso
firmware,jhenryg3,sparkerg3,8/23/2016,12,Yuan Renminbi
De-engineered,aphillipsg4,jcooperg4,11/16/2015,6,Yuan Renminbi
24/7,lgardnerg5,kcolemang5,9/18/2015,3,Yuan Renminbi
hybrid,gyoungg6,eburnsg6,8/17/2016,2,Sol
24/7,jreynoldsg7,pmartinezg7,11/30/2015,9,Yuan Renminbi
demand-driven,wfordg8,sstevensg8,9/24/2015,7,Shilling
bifurcated,rschmidtg9,dberryg9,9/11/2015,6,Dollar
Fully-configurable,hfoxga,trosega,10/4/2015,1,Rupiah
Public-key,bgordongb,tjamesgb,10/27/2015,7,Rupiah
Profit-focused,schapmangc,npiercegc,5/2/2016,8,Real
radical,karnoldgd,cgutierrezgd,9/12/2015,11,Lempira
Networked,lfrazierge,dbanksge,8/15/2016,6,Yuan Renminbi
Multi-channelled,rbrooksgf,areidgf,9/28/2015,2,Shilling
Adaptive,tleegg,eolivergg,10/22/2015,1,Kuna
Reduced,igibsongh,vevansgh,5/14/2016,2,Denar
zero administration,jpowellgi,hstevensgi,7/10/2016,6,Sol
mission-critical,ncarrollgj,lwellsgj,4/5/2016,10,Peso
Assimilated,tfordgk,taustingk,4/4/2016,4,Rupiah
national,rrobertsongl,ahicksgl,3/7/2016,2,Rupiah
intermediate,gmorrisgm,alopezgm,12/3/2015,12,Baht
heuristic,swalkergn,aaustingn,12/12/2015,2,Dollar
Integrated,mfostergo,jbarnesgo,9/11/2015,6,Yen
mission-critical,rjonesgp,kmeyergp,10/2/2015,3,Peso
global,sgeorgegq,pdavisgq,8/1/2016,3,Euro
Implemented,wwrightgr,bpetersongr,7/24/2016,2,Hryvnia
24 hour,ljamesgs,hcarrgs,4/29/2016,1,Euro
Grass-roots,mfergusongt,gowensgt,1/28/2016,9,Rupiah
modular,jwashingtongu,asullivangu,11/30/2015,5,Koruna
firmware,jlawrencegv,pcartergv,12/29/2015,11,Euro
orchestration,bpricegw,tgarrettgw,6/1/2016,7,Ruble
Graphic Interface,ssimpsongx,jrichardsgx,5/12/2016,5,Denar
Extended,cturnergy,jcarrollgy,9/12/2015,4,Sol
application,dortizgz,afishergz,9/7/2016,6,Yuan Renminbi
strategy,vkennedyh0,aparkerh0,9/22/2015,1,Euro
incremental,jkingh1,smorrisonh1,7/10/2016,8,Krona
process improvement,rjonesh2,cboydh2,1/1/2016,11,Real
internet solution,cgriffinh3,jweaverh3,12/14/2015,11,Euro
disintermediate,tstanleyh4,blopezh4,11/27/2015,6,Dong
attitude,whenryh5,mhallh5,2/4/2016,9,Rupiah
bottom-line,dstewarth6,cmorganh6,1/11/2016,4,Ringgit
approach,priverah7,sjordanh7,5/15/2016,2,Krona
Digitized,cmurrayh8,ehunterh8,12/31/2015,12,Rial
Up-sized,hcarterh9,amarshallh9,1/9/2016,5,Koruna
Persistent,ssnyderha,jwilliamsonha,11/30/2015,3,Baht
analyzer,bwellshb,hdiazhb,5/10/2016,1,Dollar
function,sjordanhc,fharrishc,3/29/2016,4,Yuan Renminbi
service-desk,pbradleyhd,mdixonhd,6/7/2016,1,Dollar
core,jmontgomeryhe,smorenohe,5/15/2016,5,Franc
zero administration,cdayhf,blanehf,8/2/2016,5,Euro
uniform,fcruzhg,acolehg,3/16/2016,3,Yuan Renminbi
Decentralized,rharveyhh,ajameshh,12/25/2015,11,Dong
high-level,rhunterhi,sbarneshi,10/3/2015,7,Yuan Renminbi
data-warehouse,rortizhj,lcarpenterhj,9/21/2015,11,Peso
forecast,kolsonhk,asimshk,7/24/2016,3,Real
strategy,sporterhl,sschmidthl,12/9/2015,8,Krona
Profit-focused,rhansonhm,alewishm,12/29/2015,1,Peso
transitional,acookhn,jleehn,6/16/2016,1,Ruble
superstructure,vduncanho,cmartinezho,10/31/2015,12,Peso
orchestration,ddayhp,jjoneshp,6/13/2016,9,Yuan Renminbi
access,tnicholshq,jrosehq,1/29/2016,7,Lari
Automated,rchavezhr,shunterhr,6/12/2016,4,Yuan Renminbi
Multi-channelled,lhansonhs,kharrisonhs,11/22/2015,3,Euro
zero defect,sreidht,ddeanht,1/25/2016,8,Dong
Advanced,sstanleyhu,abutlerhu,9/13/2015,5,Yuan Renminbi
User-centric,cjoneshv,dgranthv,2/26/2016,1,Euro
Advanced,cwatsonhw,rfisherhw,10/12/2015,12,Peso
collaboration,mrosehx,elittlehx,2/22/2016,8,Naira
dynamic,astanleyhy,afranklinhy,8/4/2016,4,Yuan Renminbi
Upgradable,dfrazierhz,kgarretthz,11/19/2015,9,Euro
emulation,pmontgomeryi0,clopezi0,1/10/2016,9,Euro
Face to face,rthompsoni1,plawsoni1,3/4/2016,1,Zloty
Visionary,rfulleri2,abennetti2,12/6/2015,9,Tugrik
database,tchavezi3,amasoni3,9/4/2016,10,Rupiah
transitional,mcooki4,kwatkinsi4,8/26/2016,11,Rand
even-keeled,wcarteri5,dmorrisoni5,9/17/2015,12,Rupiah
non-volatile,rjenkinsi6,jcunninghami6,7/23/2016,4,Ruble
Reverse-engineered,nwashingtoni7,dfosteri7,10/23/2015,8,Euro
heuristic,lcollinsi8,dkelleyi8,11/19/2015,1,Euro
executive,lwagneri9,sfrazieri9,12/25/2015,12,Dinar
capability,chansenia,dfieldsia,4/26/2016,6,Yen
modular,amillsib,cfowlerib,11/7/2015,6,Peso
upward-trending,asanchezic,jcarric,2/27/2016,4,Yuan Renminbi
Managed,slopezid,bmorrisid,6/6/2016,1,Peso
optimizing,dwestie,amcdonaldie,10/3/2015,11,Yen
monitoring,bcollinsif,lbradleyif,8/28/2016,11,Peso
asymmetric,dbakerig,bwagnerig,2/29/2016,3,Euro
Self-enabling,jwalkerih,ggibsonih,7/27/2016,8,Yuan Renminbi
zero administration,ldavisii,bhughesii,9/29/2015,6,Peso
Multi-lateral,hhayesij,kharperij,9/5/2016,4,Shekel
Total,dhayesik,cdunnik,5/11/2016,1,Peso
coherent,mpalmeril,ckelleyil,4/28/2016,9,Rupiah
Visionary,whansenim,aallenim,8/27/2016,1,Lempira
website,jwoodsin,jgonzalesin,12/4/2015,12,Euro
challenge,jtaylorio,rfowlerio,1/18/2016,6,Real
Synchronised,egarzaip,mcolemanip,3/13/2016,4,Dollar
neutral,chawkinsiq,lhunteriq,12/5/2015,7,Yen
interface,jhansenir,efergusonir,9/10/2015,1,Dram
exuding,jyoungis,dbanksis,7/31/2016,12,Real
encryption,crileyit,aarnoldit,12/11/2015,7,Sol
leading edge,sstanleyiu,rtorresiu,6/6/2016,6,Zloty
Up-sized,rfosteriv,jcruziv,1/12/2016,7,Euro
Extended,gfrazieriw,rbrowniw,8/19/2016,11,Rupiah
secondary,lrayix,tboydix,5/25/2016,2,Yuan Renminbi
upward-trending,nporteriy,wcarteriy,11/23/2015,1,Naira
challenge,rfowleriz,rlopeziz,8/8/2016,7,Rupiah
Cross-group,awagnerj0,cweaverj0,11/11/2015,3,Peso
hierarchy,kedwardsj1,wshawj1,10/8/2015,7,Rial
grid-enabled,dellisj2,chayesj2,5/3/2016,1,Guarani
challenge,afieldsj3,jgriffinj3,4/8/2016,10,Krone
actuating,dmorrisj4,jrosej4,9/15/2015,10,Ruble
task-force,lgreenej5,jwebbj5,12/23/2015,4,Rupiah
extranet,hcarpenterj6,dspencerj6,12/20/2015,7,Naira
logistical,pmorrisj7,kgibsonj7,7/2/2016,7,Peso
Centralized,plopezj8,rcookj8,11/2/2015,6,Real
national,erogersj9,amillsj9,9/9/2016,8,Yuan Renminbi
bifurcated,cromeroja,jmorganja,7/20/2016,4,Baht
success,hknightjb,jreidjb,5/19/2016,4,Rupiah
Multi-lateral,jjacobsjc,aelliottjc,7/7/2016,3,Rupiah
help-desk,nbrownjd,gcolejd,3/21/2016,4,Yuan Renminbi
exuding,twillisje,ejenkinsje,5/20/2016,8,Zloty
Vision-oriented,dburtonjf,sryanjf,10/26/2015,5,Euro
conglomeration,lcarrolljg,fwellsjg,10/7/2015,4,Real
Compatible,sjohnsonjh,bschmidtjh,3/19/2016,1,Franc
Face to face,cfisherji,rsullivanji,5/27/2016,7,Dollar
Versatile,smurrayjj,jmeyerjj,5/17/2016,7,Dollar
matrices,amillerjk,rgreenejk,8/15/2016,6,Peso
heuristic,bhowardjl,dporterjl,9/4/2016,8,Koruna
Polarised,lharveyjm,wweaverjm,11/4/2015,4,Rupiah
system-worthy,bdayjn,jgrayjn,2/7/2016,1,Peso
human-resource,aruizjo,ahartjo,10/17/2015,9,Peso
Implemented,prodriguezjp,jrobertsonjp,2/10/2016,6,Yuan Renminbi
customer loyalty,trobinsonjq,sreynoldsjq,8/7/2016,2,Rupiah
Programmable,cscottjr,tmoralesjr,12/18/2015,2,Sol
Seamless,dcarterjs,dgutierrezjs,12/3/2015,10,Dollar
User-friendly,rmedinajt,brichardsjt,7/23/2016,1,Hryvnia
user-facing,jbaileyju,tdavisju,4/14/2016,9,Sol
Robust,bpetersjv,shamiltonjv,7/12/2016,7,Yuan Renminbi
24 hour,bfieldsjw,breynoldsjw,1/9/2016,2,Metical
Synergized,sburtonjx,jrichardsjx,8/30/2016,7,Franc
secured line,cwashingtonjy,sbrownjy,3/6/2016,9,Dong
Function-based,wcarrolljz,jchavezjz,2/2/2016,9,Dollar
bottom-line,kwoodk0,dstevensk0,2/12/2016,10,Dollar
utilisation,lmendozak1,fspencerk1,7/5/2016,5,Zloty
Assimilated,vrichardsonk2,lberryk2,12/20/2015,1,Real
Focused,howensk3,hfranklink3,2/24/2016,7,Peso
discrete,rmcdonaldk4,ariverak4,6/9/2016,2,Marka
infrastructure,wclarkk5,kwashingtonk5,6/19/2016,3,Krone
discrete,plawrencek6,hjonesk6,4/18/2016,7,Peso
Profit-focused,wlewisk7,dtaylork7,5/30/2016,10,Franc
system-worthy,jnelsonk8,sgordonk8,10/22/2015,12,Won
Integrated,hmorgank9,kschmidtk9,10/14/2015,10,Peso
Ameliorated,vhickska,sbarneska,11/5/2015,12,Krona
Enterprise-wide,cgarciakb,kreynoldskb,7/18/2016,7,Yuan Renminbi
throughput,dwoodskc,jrichardskc,4/23/2016,10,Dollar
systematic,parmstrongkd,mrobertskd,5/11/2016,11,Euro
holistic,jclarkke,pgarrettke,7/13/2016,5,Zloty
hub,mmoraleskf,vortizkf,12/31/2015,2,Zloty
Synchronised,lbankskg,rknightkg,9/20/2015,5,Ruble
paradigm,ecarrkh,jrosekh,5/11/2016,11,Euro
help-desk,ejacksonki,kmontgomeryki,2/12/2016,3,Peso
discrete,efrazierkj,jberrykj,2/1/2016,6,Yuan Renminbi
standardization,areynoldskk,csimpsonkk,5/31/2016,2,Yuan Renminbi
secured line,scruzkl,jstonekl,6/30/2016,5,Krone
middleware,dgilbertkm,ddunnkm,5/23/2016,2,Rupiah
initiative,sgeorgekn,lgarzakn,5/19/2016,5,Rupiah
project,emendozako,rfullerko,1/20/2016,10,Rupiah
Advanced,ppaynekp,bedwardskp,5/20/2016,5,Real
reciprocal,lkelleykq,charrisonkq,11/19/2015,10,Franc
Switchable,tmorriskr,tmartinezkr,8/28/2016,8,Rupiah
Proactive,rbakerks,jsullivanks,7/20/2016,12,Dinar
zero tolerance,mcunninghamkt,mbrookskt,10/25/2015,8,Dalasi
orchestration,polsonku,jedwardsku,8/18/2016,7,Yuan Renminbi
Front-line,epowellkv,jscottkv,2/2/2016,10,Yuan Renminbi
maximized,probinsonkw,hbakerkw,1/2/2016,11,Yuan Renminbi
local,whenrykx,mmurraykx,4/13/2016,12,Real
full-range,kruizky,acarpenterky,6/19/2016,12,Zloty
attitude,mandersonkz,jevanskz,12/14/2015,6,Real
composite,smccoyl0,lalexanderl0,7/5/2016,3,Yuan Renminbi
Compatible,rlongl1,atorresl1,7/2/2016,3,Yuan Renminbi
Optimized,aellisl2,msanchezl2,8/29/2016,3,Euro
Reverse-engineered,jscottl3,jaustinl3,11/19/2015,1,Real
Digitized,jjacobsl4,bduncanl4,1/20/2016,10,Ruble
database,dtorresl5,tburkel5,4/7/2016,3,Yuan Renminbi
leading edge,njohnstonl6,knguyenl6,3/6/2016,8,Real
modular,mbaileyl7,pdixonl7,7/26/2016,8,Zloty
Balanced,llewisl8,erayl8,9/9/2016,11,Yuan Renminbi
moderator,lmoorel9,ipaynel9,12/20/2015,6,Euro
monitoring,dpattersonla,kpalmerla,5/22/2016,1,Bolivar
Optimized,mrobertslb,mhudsonlb,4/21/2016,3,Yuan Renminbi
24 hour,pcampbelllc,jmillerlc,10/4/2015,11,Rupiah
solution-oriented,ebradleyld,edavisld,10/16/2015,11,Euro
Grass-roots,cchapmanle,efernandezle,5/1/2016,3,Zloty
Self-enabling,bmasonlf,rpricelf,5/10/2016,5,Dinar
Multi-channelled,rporterlg,sshawlg,10/9/2015,10,Yuan Renminbi
bi-directional,gtuckerlh,hmorrisonlh,9/23/2015,12,Yuan Renminbi
Progressive,ameyerli,dsimmonsli,6/6/2016,5,Yen
process improvement,cbennettlj,cmedinalj,10/27/2015,11,Pound
high-level,lrobertsonlk,jvasquezlk,7/2/2016,8,Euro
Stand-alone,jrobertsll,ryoungll,10/24/2015,7,Euro
Secured,aandrewslm,jmccoylm,1/3/2016,2,Peso
next generation,sgreeneln,dstevensln,10/19/2015,7,Real
Public-key,hmorenolo,tvasquezlo,1/27/2016,10,Rupiah
neural-net,rfranklinlp,jperkinslp,12/17/2015,12,Euro
zero administration,smurphylq,pdiazlq,1/14/2016,3,Real
discrete,mclarklr,nreidlr,8/23/2016,11,Rupiah
structure,pelliottls,mfoxls,4/12/2016,4,Baht
Switchable,ngomezlt,ascottlt,10/10/2015,8,Yuan Renminbi
6th generation,kkellylu,tchapmanlu,7/18/2016,7,Koruna
capability,amartinezlv,sgarcialv,2/25/2016,12,Rupiah
groupware,igonzaleslw,jfosterlw,4/17/2016,10,Baht
well-modulated,drileylx,aholmeslx,8/29/2016,8,Krona
Graphic Interface,jmorganly,jjenkinsly,7/23/2016,12,Yuan Renminbi
throughput,barmstronglz,srodriguezlz,11/25/2015,2,Rial
Re-contextualized,blawrencem0,lrussellm0,11/18/2015,6,Euro
web-enabled,phartm1,sgarciam1,7/5/2016,9,Yuan Renminbi
composite,breyesm2,jlynchm2,5/31/2016,2,Yuan Renminbi
moderator,agrantm3,alittlem3,1/17/2016,1,Manat
4th generation,rperkinsm4,hwhitem4,12/11/2015,12,Yuan Renminbi
content-based,syoungm5,aellism5,4/10/2016,11,Peso
3rd generation,swallacem6,mcolemanm6,7/23/2016,4,Euro
implementation,smorrism7,djonesm7,9/23/2015,5,Ruble
paradigm,alanem8,cstephensm8,6/7/2016,2,Yuan Renminbi
regional,snguyenm9,fellism9,10/8/2015,12,Euro
Organized,eharveyma,jcolemanma,7/30/2016,7,Rupiah
client-driven,jbarnesmb,trichardsonmb,7/5/2016,1,Yuan Renminbi
regional,aburnsmc,acolemc,10/19/2015,4,Yuan Renminbi
neutral,athomasmd,smontgomerymd,12/12/2015,3,Rupiah
systemic,ddiazme,bgilbertme,1/22/2016,10,Euro
concept,plawrencemf,wmillermf,6/24/2016,8,Euro
middleware,cdavismg,rcoxmg,7/18/2016,8,Rupiah
flexibility,bellismh,mjohnstonmh,3/14/2016,9,Euro
monitoring,cdaymi,bwallacemi,3/7/2016,1,Kyat
Switchable,ebanksmj,calvarezmj,4/20/2016,8,Hryvnia
Progressive,pfloresmk,rbennettmk,12/12/2015,3,Real
paradigm,jmartinezml,hchavezml,12/8/2015,1,Ruble
Front-line,sgeorgemm,hwarrenmm,10/21/2015,3,Rupee
tertiary,jowensmn,parnoldmn,7/5/2016,1,Krona
application,knicholsmo,rcolemanmo,9/18/2015,8,Real
hierarchy,dreyesmp,jmyersmp,3/30/2016,5,Sol
algorithm,swoodmq,mwalkermq,8/26/2016,12,Yuan Renminbi
Assimilated,jfordmr,kfowlermr,7/27/2016,7,Real
Expanded,ccolemanms,dcastilloms,7/29/2016,12,Ruble
extranet,pknightmt,gleemt,3/20/2016,5,Yuan Renminbi
Cloned,dperrymu,rhernandezmu,11/12/2015,3,Euro
Cross-platform,fowensmv,bnelsonmv,3/21/2016,6,Dong
access,jmorrisonmw,jpaynemw,10/28/2015,10,Euro
Realigned,slynchmx,cschmidtmx,9/24/2015,9,Peso
leverage,blarsonmy,gfishermy,5/31/2016,9,Sol
Innovative,kharveymz,hmontgomerymz,10/31/2015,9,Yuan Renminbi
Balanced,hlewisn0,jbryantn0,12/22/2015,6,Real
optimizing,rwhiten1,mhartn1,1/23/2016,8,Hryvnia
intangible,tfernandezn2,sjohnsonn2,2/6/2016,6,Zloty
matrices,imorrisn3,bcoxn3,4/19/2016,1,Dollar
object-oriented,jrodriguezn4,tolivern4,3/11/2016,3,Sol
intermediate,cwelchn5,smooren5,2/23/2016,4,Euro
Up-sized,jburken6,awilsonn6,12/10/2015,4,Yuan Renminbi
Triple-buffered,mburken7,jmontgomeryn7,7/30/2016,1,Zloty
dedicated,ajamesn8,cnelsonn8,8/15/2016,9,Rupiah
Optional,afullern9,jnguyenn9,7/15/2016,6,Yuan Renminbi
contingency,jrobinsonna,wgarciana,9/14/2015,2,Yen
Reactive,bwestnb,lrussellnb,2/4/2016,11,Ruble
help-desk,fclarknc,dcollinsnc,10/27/2015,7,Peso
Multi-layered,khallnd,rwilliamsnd,10/23/2015,3,Peso
incremental,breyesne,pwagnerne,12/11/2015,7,Yuan Renminbi
database,jphillipsnf,bhansennf,2/12/2016,7,Sol
data-warehouse,shunterng,ccoleng,8/13/2016,3,Rupiah
user-facing,kfraziernh,edeannh,8/8/2016,4,Euro
Centralized,dkelleyni,kwhiteni,6/24/2016,8,Euro
Organic,kcolemannj,kcastillonj,6/29/2016,3,Dram
Polarised,apetersnk,dreidnk,9/9/2016,1,Yuan Renminbi
Assimilated,whansennl,lcastillonl,12/30/2015,2,Yuan Renminbi
Object-based,mgarzanm,sburkenm,12/15/2015,9,Real
challenge,jhamiltonnn,bstephensnn,7/27/2016,8,Peso
data-warehouse,psimmonsno,pjonesno,1/13/2016,3,Pound
initiative,lbishopnp,khillnp,2/9/2016,8,Yuan Renminbi
utilisation,rtaylornq,mkennedynq,4/22/2016,6,Zloty
empowering,phansonnr,rdunnnr,9/12/2015,4,Yuan Renminbi
Inverse,alawsonns,kgonzalezns,8/28/2016,10,Rupiah
adapter,jmorrisnt,mfordnt,6/21/2016,10,Euro
projection,awatkinsnu,amasonnu,9/14/2015,5,Yuan Renminbi
implementation,cbradleynv,ecunninghamnv,12/9/2015,4,Rupiah
flexibility,ahenrynw,jgonzalesnw,5/24/2016,11,Peso
function,lwheelernx,wschmidtnx,9/11/2015,5,Dinar
functionalities,jkennedyny,jlynchny,1/31/2016,1,Euro
neural-net,tcolenz,wmitchellnz,9/4/2016,4,Pound
national,dwellso0,belliso0,10/23/2015,11,Yuan Renminbi
infrastructure,etayloro1,kbello1,8/24/2016,10,Yuan Renminbi
implementation,rwardo2,mstoneo2,12/13/2015,10,Baht
mobile,rlyncho3,cbaileyo3,11/17/2015,4,Euro
workforce,mryano4,jpetersono4,6/30/2016,6,Zloty
even-keeled,emeyero5,bwatsono5,7/9/2016,4,Euro
demand-driven,celliso6,rgutierrezo6,6/11/2016,12,Euro
didactic,hgonzaleso7,jalvarezo7,7/3/2016,3,Rial
synergy,dwoodo8,shillo8,7/26/2016,4,Yen
local area network,dthomaso9,creyeso9,5/14/2016,5,Rupiah
Right-sized,bhenryoa,ghuntoa,10/2/2015,12,Won
Synergized,jdunnob,ddayob,3/7/2016,8,Rand
analyzing,ghendersonoc,nmontgomeryoc,12/19/2015,5,Marka
Implemented,ngomezod,jwilliamsonod,4/21/2016,6,Afghani
open system,hjohnstonoe,bmilleroe,5/26/2016,8,Yuan Renminbi
motivating,pmcdonaldof,kjacobsof,4/14/2016,7,Yuan Renminbi
Intuitive,wreyesog,landrewsog,3/18/2016,6,Yuan Renminbi
monitoring,jbarnesoh,llongoh,12/17/2015,9,Dollar
intangible,aandrewsoi,cshawoi,3/11/2016,6,Real
multi-state,mmatthewsoj,jbelloj,10/25/2015,3,Dirham
Ameliorated,jfoxok,wthomasok,4/14/2016,3,Balboa
Progressive,jstoneol,kbowmanol,12/3/2015,1,Krona
motivating,sbaileyom,brobinsonom,10/18/2015,3,Yuan Renminbi
definition,pellison,rwatkinson,2/22/2016,2,Yuan Renminbi
background,rgrantoo,khudsonoo,6/7/2016,2,Zloty
Universal,pgarciaop,njonesop,9/24/2015,11,Euro
artificial intelligence,dryanoq,mbishopoq,5/27/2016,10,Peso
hub,bstewartor,lwagneror,11/19/2015,1,Euro
Inverse,shartos,hrobertsos,6/23/2016,2,Zloty
Upgradable,vbakerot,ltorresot,8/17/2016,11,Euro
portal,fmeyerou,pphillipsou,6/14/2016,11,Rupiah
extranet,rjordanov,hperezov,7/20/2016,4,Koruna
Total,sgonzalezow,rwheelerow,4/8/2016,12,Kuna
Devolved,mryanox,pparkerox,8/21/2016,11,Dram
info-mediaries,nfloresoy,cholmesoy,6/5/2016,9,Sol
hierarchy,mgibsonoz,nrileyoz,9/7/2016,8,Peso
Polarised,jowensp0,rleep0,12/15/2015,7,Hryvnia
Reduced,tcolep1,aaustinp1,12/19/2015,11,Dollar
Public-key,snguyenp2,shayesp2,7/26/2016,6,Afghani
parallelism,rtorresp3,cpetersp3,4/16/2016,2,Ringgit
Streamlined,abishopp4,cbakerp4,4/4/2016,7,Dinar
bifurcated,jpalmerp5,agriffinp5,1/9/2016,6,Shilling
motivating,jriverap6,mcarrp6,12/9/2015,8,Peso
systemic,hramirezp7,jmorrisp7,2/4/2016,7,Real
encryption,klopezp8,ecarrp8,1/4/2016,12,Won
maximized,lgrahamp9,crussellp9,12/4/2015,8,Tugrik
frame,lgonzalezpa,mricepa,9/15/2015,12,Rupiah
internet solution,jjacobspb,srileypb,1/2/2016,1,Rupiah
pricing structure,jrussellpc,hcookpc,2/20/2016,5,Yuan Renminbi
Fundamental,fthomaspd,dstephenspd,7/13/2016,12,Dollar
analyzer,bmeyerpe,rmillerpe,3/10/2016,1,Yuan Renminbi
collaboration,trobertsonpf,ckellypf,4/20/2016,10,Rupiah
Persistent,jkellypg,tgutierrezpg,8/23/2016,11,Rupiah
time-frame,ccarterph,aadamsph,8/30/2016,1,Euro
Quality-focused,hhansenpi,jcookpi,12/18/2015,4,Euro
demand-driven,jstevenspj,pparkerpj,10/4/2015,2,Hryvnia
Self-enabling,smcdonaldpk,srichardspk,5/7/2016,8,Ruble
data-warehouse,kwestpl,ssnyderpl,2/29/2016,3,Yuan Renminbi
Quality-focused,jchapmanpm,ghendersonpm,3/17/2016,11,Yuan Renminbi
data-warehouse,ebishoppn,rruizpn,10/30/2015,10,Peso
human-resource,jmorganpo,jhamiltonpo,5/12/2016,8,Euro
structure,twoodspp,dclarkpp,3/2/2016,6,Rupiah
24 hour,chunterpq,rwilliamsonpq,12/4/2015,6,Rupiah
mission-critical,cphillipspr,towenspr,8/3/2016,12,Euro
Cross-platform,fwrightps,bkelleyps,4/30/2016,6,Ruble
Sharable,fthompsonpt,nellispt,6/1/2016,9,Euro
Vision-oriented,btorrespu,mrosepu,5/9/2016,10,Real
global,dhawkinspv,cnguyenpv,3/22/2016,3,Yuan Renminbi
concept,gfisherpw,jknightpw,7/12/2016,9,Metical
Persistent,jruizpx,pthompsonpx,10/10/2015,10,Ruble
client-driven,sgonzalespy,rmoralespy,4/18/2016,1,Rupiah
optimal,rporterpz,ksmithpz,8/21/2016,10,Dollar
core,wtuckerq0,chendersonq0,7/25/2016,11,Baht
encompassing,bharrisq1,drileyq1,1/1/2016,9,Yuan Renminbi
multi-state,dcampbellq2,treynoldsq2,11/9/2015,11,Dollar
Polarised,bgordonq3,kgomezq3,9/30/2015,3,Rupiah
concept,lpowellq4,scunninghamq4,10/24/2015,1,Dollar
monitoring,cwebbq5,hfergusonq5,11/10/2015,4,Yuan Renminbi
multimedia,crussellq6,amccoyq6,12/16/2015,9,Yuan Renminbi
global,aknightq7,nbowmanq7,6/21/2016,6,Yuan Renminbi
bifurcated,jwagnerq8,rwilliamsq8,1/2/2016,5,Rupiah
well-modulated,awhiteq9,jhicksq9,10/8/2015,4,Euro
client-driven,lclarkqa,twestqa,7/20/2016,9,Krona
core,nlawsonqb,emendozaqb,8/6/2016,6,Sol
maximized,bpattersonqc,wgrayqc,4/24/2016,2,Yuan Renminbi
disintermediate,rbakerqd,cwilliamsqd,10/17/2015,6,Rupiah
Multi-layered,apattersonqe,bhawkinsqe,1/7/2016,4,Yuan Renminbi
discrete,lpetersonqf,roliverqf,3/13/2016,6,Balboa
analyzer,dbradleyqg,jmendozaqg,6/2/2016,8,Peso
Programmable,lrobertsonqh,bruizqh,6/3/2016,4,Yuan Renminbi
tangible,challqi,sbrooksqi,11/13/2015,4,Euro
orchestration,rlawrenceqj,jmendozaqj,9/24/2015,3,Peso
Re-contextualized,cmartinqk,amitchellqk,10/9/2015,4,Dollar
Graphical User Interface,rcrawfordql,emartinezql,6/14/2016,10,Baht
attitude,ghenryqm,jstevensqm,12/29/2015,10,Rupee
structure,ehansenqn,ealvarezqn,1/20/2016,8,Yuan Renminbi
customer loyalty,hvasquezqo,gparkerqo,6/17/2016,11,Hryvnia
User-friendly,gmurphyqp,ereynoldsqp,9/28/2015,9,Euro
system engine,abaileyqq,scrawfordqq,10/16/2015,7,Koruna
real-time,ephillipsqr,lfreemanqr,9/11/2015,9,Yuan Renminbi
moderator,pdeanqs,kpetersqs,9/21/2015,11,Peso
workforce,ksimpsonqt,talexanderqt,7/24/2016,3,Koruna
Reactive,bdeanqu,trossqu,4/29/2016,9,Bolivar
Synergized,jmontgomeryqv,eweaverqv,2/7/2016,2,Real
multi-state,jramirezqw,rcrawfordqw,4/25/2016,10,Euro
initiative,awheelerqx,alawrenceqx,12/16/2015,3,Rupee
Progressive,jwebbqy,vhansenqy,6/12/2016,9,Ruble
intangible,aweaverqz,mrayqz,10/9/2015,11,Peso
software,ksandersr0,swilliamsonr0,4/6/2016,8,Sol
orchestration,thowardr1,hmarshallr1,1/6/2016,4,Euro
Exclusive,agonzalezr2,mwardr2,6/11/2016,4,Dollar
Optimized,pmedinar3,mmasonr3,10/3/2015,12,Peso
Re-engineered,jphillipsr4,pwebbr4,6/19/2016,4,Yuan Renminbi
non-volatile,wwillisr5,bkennedyr5,12/18/2015,4,Peso
budgetary management,efernandezr6,wgilbertr6,9/1/2016,11,Lek
disintermediate,hwillisr7,jhartr7,9/23/2015,10,Dinar
Re-engineered,rricer8,jnguyenr8,6/24/2016,6,Rupiah
bandwidth-monitored,dphillipsr9,tgardnerr9,3/20/2016,12,Hryvnia
solution,pwellsra,smorrisra,11/20/2015,10,Euro
utilisation,drileyrb,mhenryrb,11/6/2015,9,Yuan Renminbi
responsive,jdixonrc,jgrayrc,4/8/2016,8,Franc
algorithm,lfoxrd,bmillerrd,11/26/2015,4,Yuan Renminbi
composite,jhansenre,lrileyre,6/23/2016,10,Ruble
utilisation,jallenrf,bhendersonrf,9/3/2016,9,Yuan Renminbi
24 hour,jtorresrg,jreidrg,10/2/2015,10,Franc
tangible,sgonzalesrh,hbanksrh,7/3/2016,9,Rupiah
directional,khallri,dcoxri,9/30/2015,8,Dollar
Grass-roots,preyesrj,jyoungrj,1/18/2016,6,Krona
Optimized,thernandezrk,adunnrk,6/14/2016,5,Sol
Innovative,sduncanrl,tcarpenterrl,2/9/2016,8,Euro
full-range,bbutlerrm,lsnyderrm,4/11/2016,3,Peso
utilisation,rbradleyrn,fscottrn,7/27/2016,3,Naira
hierarchy,wcooperro,estephensro,5/26/2016,12,Dinar
homogeneous,nrichardsrp,jcarpenterrp,2/21/2016,10,Yuan Renminbi
Expanded,jwalkerrq,mthompsonrq,12/6/2015,5,Krona
radical,swardrr,dmorrisonrr,12/1/2015,3,Yuan Renminbi
